Spectrum	Spectrum File	Peptide	Modified Peptide	Extended Peptide	Prev AA	Next AA	Peptide Length	Charge	Retention	Observed Mass	Calibrated Observed Mass	Observed M/Z	Calibrated Observed M/Z	Calculated Peptide Mass	Calculated M/Z	Delta Mass	SpectralSim	RTScore	Expectation	Hyperscore	Nextscore	Probability	Qvalue	Number of Enzymatic Termini	Number of Missed Cleavages	Protein Start	Protein End	Intensity	Assigned Modifications	Observed Modifications	Purity	Is Decoy	Is Contaminant	Is Unique	Protein	Protein ID	Entry Name	Gene	Protein Description	Mapped Genes	Mapped Proteins	Parent Scan Number	Apex Retention Time	Apex Scan Number	Retention Time Start	Retention Time End	Retention Time FWHM	Traced Scans
RTF.03391.03391.0	F:\2-23-2026_Skyline_Siwar\Each_folder\RTF\interact-RTF_rank1.pep.xml	NGDRGETGPAGPAGPPGPAGAR	NGDRGETGPAGPAGPP[113]GPAGAR	GPVGPAGK.NGDRGETGPAGPAGPPGPAGAR.GPAGPQGP	K	G	22	3	329.3744	1973.935	1973.935	658.9856	658.9856	1973.9302	658.984	0.0048	0.7938	8.3135	0.4428422	15.8145	15.8145	0.832	0	2	1	1052	1073	271086.22	16P(15.9949)	NA	0	FALSE	FALSE	FALSE	sp|P02457|CO1A1_CHICK	P02457	CO1A1_CHICK	COL1A1	Collagen alpha-1(I) chain	NA	tr|A0A1D5PYU1|A0A1D5PYU1_CHICK, tr|A0A8V0ZWS1|A0A8V0ZWS1_CHICK, tr|A0A8V1A202|A0A8V1A202_CHICK, tr|A0A8V1A446|A0A8V1A446_CHICK, tr|A0A8V1A485|A0A8V1A485_CHICK, tr|A0A8V1A495|A0A8V1A495_CHICK, tr|A0A8V1A4B1|A0A8V1A4B1_CHICK, tr|A0A8V1A970|A0A8V1A970_CHICK	3380	331.29202	3411	316.34802	346.20502	14.982	8
RTF.03550.03550.0	F:\2-23-2026_Skyline_Siwar\Each_folder\RTF\interact-RTF_rank1.pep.xml	GETGPAGRPGEPGPAGPPGPPGEK	GETGP[113]AGRPGEPGPAGPP[113]GPPGEK[144]	KZGSKGPR.GETGPAGRPGEPGPAGPPGPPGEK.GSPGADGP	R	G	24	3	344.7079	2213.0427	2213.0427	738.6882	738.6882	2213.0347	738.6855	0.008	0.5792	9.5105	0.9008669	15.1044	15.1044	0.6847	0	2	0	900	923	482201.72	18P(15.9949),24K(15.9949),5P(15.9949)	NA	0	FALSE	FALSE	FALSE	sp|P02457|CO1A1_CHICK	P02457	CO1A1_CHICK	COL1A1	Collagen alpha-1(I) chain	NA	tr|A0A1D5PYU1|A0A1D5PYU1_CHICK, tr|A0A8V0ZWS1|A0A8V0ZWS1_CHICK, tr|A0A8V1A202|A0A8V1A202_CHICK, tr|A0A8V1A446|A0A8V1A446_CHICK, tr|A0A8V1A485|A0A8V1A485_CHICK, tr|A0A8V1A495|A0A8V1A495_CHICK, tr|A0A8V1A4B1|A0A8V1A4B1_CHICK, tr|A0A8V1A970|A0A8V1A970_CHICK	3535	343.40103	3535	322.47302	352.329	17.966002	9
RTF.04538.04538.0	F:\2-23-2026_Skyline_Siwar\Each_folder\RTF\interact-RTF_rank1.pep.xml	GEPGPAGVQGPPGPAGEEGKR	GEPGPAGVQGPP[113]GPAGEEGKR	NKGDTGAK.GEPGPAGVQGPPGPAGEEGKR.GARGEPGP	K	G	21	3	437.6784	1958.9514	1958.9514	653.9911	653.9911	1958.9445	653.9888	0.0069	0.6355	7.6105	0.1582565	16.8435	16.8435	0.6494	0	2	1	438	458	613329.94	12P(15.9949)	NA	0	FALSE	FALSE	FALSE	sp|P02457|CO1A1_CHICK	P02457	CO1A1_CHICK	COL1A1	Collagen alpha-1(I) chain	NA	tr|A0A1D5PYU1|A0A1D5PYU1_CHICK, tr|A0A8V1A202|A0A8V1A202_CHICK, tr|A0A8V1A446|A0A8V1A446_CHICK, tr|A0A8V1A485|A0A8V1A485_CHICK, tr|A0A8V1A495|A0A8V1A495_CHICK, tr|A0A8V1A4B1|A0A8V1A4B1_CHICK, tr|A0A8V1A970|A0A8V1A970_CHICK	4527	436.71402	4527	413.273	451.15103	20.566002	11
RTF.05657.05657.0	F:\2-23-2026_Skyline_Siwar\Each_folder\RTF\interact-RTF_rank1.pep.xml	GSAGPPGATGFPGAAGR	GSAGPP[113]GATGFP[113]GAAGR	APGPKGAR.GSAGPPGATGFPGAAGR.VGPPGPSG	R	V	17	2	541.6689	1458.6907	1458.6907	730.3526	730.3526	1458.6849	730.3497	0.0057	0.9034	9.7647	0.1731585	16.7535	16.7535	0.6967	0	2	0	855	871	961502.6	12P(15.9949),6P(15.9949)	NA	0	FALSE	FALSE	FALSE	sp|P02457|CO1A1_CHICK	P02457	CO1A1_CHICK	COL1A1	Collagen alpha-1(I) chain	NA	tr|A0A1D5PYU1|A0A1D5PYU1_CHICK, tr|A0A8V0ZWS1|A0A8V0ZWS1_CHICK, tr|A0A8V1A202|A0A8V1A202_CHICK, tr|A0A8V1A446|A0A8V1A446_CHICK, tr|A0A8V1A485|A0A8V1A485_CHICK, tr|A0A8V1A495|A0A8V1A495_CHICK, tr|A0A8V1A4B1|A0A8V1A4B1_CHICK, tr|A0A8V1A970|A0A8V1A970_CHICK	5643	537.53705	5612	499.743	557.26904	22.974	16
RTF.08595.08595.0	F:\2-23-2026_Skyline_Siwar\Each_folder\RTF\interact-RTF_rank1.pep.xml	GAPGSRGFPGADGIAGPK	GAPGSRGFP[113]GADGIAGPK	LPGPAGER.GAPGSRGFPGADGIAGPK.GPPGERGS	R	G	18	3	811.4712	1626.8143	1626.8143	543.2787	543.2787	1626.8113	543.2777	0.003	0.6138	5.3343	1.495334	14.5977	14.5977	0.7629	0	2	1	477	494	0	9P(15.9949)	NA	0	FALSE	FALSE	FALSE	sp|P02457|CO1A1_CHICK	P02457	CO1A1_CHICK	COL1A1	Collagen alpha-1(I) chain	NA	tr|A0A1D5PYU1|A0A1D5PYU1_CHICK, tr|A0A8V1A202|A0A8V1A202_CHICK, tr|A0A8V1A446|A0A8V1A446_CHICK, tr|A0A8V1A485|A0A8V1A485_CHICK, tr|A0A8V1A495|A0A8V1A495_CHICK, tr|A0A8V1A4B1|A0A8V1A4B1_CHICK, tr|A0A8V1A970|A0A8V1A970_CHICK	8588	0	0	0	0	0	0
RTF.09696.09696.0	F:\2-23-2026_Skyline_Siwar\Each_folder\RTF\interact-RTF_rank1.pep.xml	GLTGPIGPPGPAGAPGDKGEAGPPGPAGPTGAR	GLTGPIGPP[113]GPAGAPGDK[144]GEAGPP[113]GPAGPTGAR	APGKDGLR.GLTGPIGPPGPAGAPGDKGEAGPPGPAGPTGAR.GAPGDRGE	R	G	33	3	912.8949	2878.4329	2878.4329	960.4849	960.4849	2878.4207	960.4808	0.0122	0.8863	5.9314	9.978788e-6	26.515	26.515	0.8971	0	2	1	753	785	2647231.5	18K(15.9949),24P(15.9949),9P(15.9949)	NA	0	FALSE	FALSE	FALSE	sp|P02457|CO1A1_CHICK	P02457	CO1A1_CHICK	COL1A1	Collagen alpha-1(I) chain	NA	tr|A0A1D5PYU1|A0A1D5PYU1_CHICK, tr|A0A8V0ZWS1|A0A8V0ZWS1_CHICK, tr|A0A8V1A446|A0A8V1A446_CHICK, tr|A0A8V1A485|A0A8V1A485_CHICK, tr|A0A8V1A495|A0A8V1A495_CHICK, tr|A0A8V1A970|A0A8V1A970_CHICK	9673	913.7001	9704	893.68005	950.32806	22.987001	17
RTF.09783.09783.0	F:\2-23-2026_Skyline_Siwar\Each_folder\RTF\interact-RTF_rank1.pep.xml	GLPGESGAVGPAGPIGSR	GLP[113]GESGAVGPAGPIGSR	PAGPRGER.GLPGESGAVGPAGPIGSR.GPSGPPGP	R	G	18	2	921.0035	1593.8173	1593.8173	797.9159	797.9159	1593.8109	797.9127	0.0063	0.8374	5.7993	4.812689e-5	24.9417	24.9417	0.8509	0	2	0	591	608	808818.3	3P(15.9949)	NA	0	FALSE	FALSE	FALSE	tr|A0A8V0X994|A0A8V0X994_CHICK	A0A8V0X994	A0A8V0X994_CHICK	COL1A2	Collagen type I alpha 2 chain	NA	sp|P02467|CO1A2_CHICK, tr|A0A5H1ZRJ7|A0A5H1ZRJ7_CHICK, tr|A0A8V0XDB7|A0A8V0XDB7_CHICK, tr|A0A8V0XDC7|A0A8V0XDC7_CHICK, tr|A0A8V0XIX0|A0A8V0XIX0_CHICK, tr|A0A8V0XK94|A0A8V0XK94_CHICK	9766	919.3251	9766	902.16907	933.66504	17.277	9
RTF.10254.10254.0	F:\2-23-2026_Skyline_Siwar\Each_folder\RTF\interact-RTF_rank1.pep.xml	VGPPGPSGNIGLPGPPGPSGK	VGPP[113]GPSGNIGLP[113]GPPGPSGK[144]	GFPGAAGR.VGPPGPSGNIGLPGPPGPSGK.EGGKGPRG	R	E	21	2	963.7674	1885.9584	1885.9584	943.9865	943.9865	1885.9532	943.9839	0.0051	0.8879	7.1417	7.24419e-4	22.2301	22.2301	0.8955	0	2	0	818	838	1322029.1	13P(15.9949),21K(15.9949),4P(15.9949)	NA	0	FALSE	FALSE	FALSE	tr|A0A8V1A485|A0A8V1A485_CHICK	A0A8V1A485	A0A8V1A485_CHICK	COL1A1	Collagen type I alpha 1 chain	NA	tr|A0A1D5PYU1|A0A1D5PYU1_CHICK, tr|A0A8V0ZWS1|A0A8V0ZWS1_CHICK, tr|A0A8V1A202|A0A8V1A202_CHICK, tr|A0A8V1A446|A0A8V1A446_CHICK, tr|A0A8V1A495|A0A8V1A495_CHICK, tr|A0A8V1A4B1|A0A8V1A4B1_CHICK, tr|A0A8V1A970|A0A8V1A970_CHICK	10231	958.82007	10200	919.3251	995.34906	33.706	23
RTF.10272.10272.0	F:\2-23-2026_Skyline_Siwar\Each_folder\RTF\interact-RTF_rank1.pep.xml	VGPPGPSGNIGLPGPPGPSGK	VGP[113]PGPSGNIGLP[113]GPPGPSGK[144]	GFPGAAGR.VGPPGPSGNIGLPGPPGPSGK.EGGKGPRG	R	E	21	3	965.4277	1885.9594	1885.9594	629.6604	629.6604	1885.9532	629.6583	0.0061	0.853	7.114	0.5506185	15.5967	15.5967	0.713	0	2	0	818	838	1063629.1	13P(15.9949),21K(15.9949),3P(15.9949)	NA	0	FALSE	FALSE	FALSE	tr|A0A8V1A485|A0A8V1A485_CHICK	A0A8V1A485	A0A8V1A485_CHICK	COL1A1	Collagen type I alpha 1 chain	NA	tr|A0A1D5PYU1|A0A1D5PYU1_CHICK, tr|A0A8V0ZWS1|A0A8V0ZWS1_CHICK, tr|A0A8V1A202|A0A8V1A202_CHICK, tr|A0A8V1A446|A0A8V1A446_CHICK, tr|A0A8V1A495|A0A8V1A495_CHICK, tr|A0A8V1A4B1|A0A8V1A4B1_CHICK, tr|A0A8V1A970|A0A8V1A970_CHICK	10262	955.856	10169	922.33905	984.20605	30.768002	19
RTF.11209.11209.0	F:\2-23-2026_Skyline_Siwar\Each_folder\RTF\interact-RTF_rank1.pep.xml	GLPGESGAVGPAGPIGSR	NA	PAGPRGER.GLPGESGAVGPAGPIGSR.GPSGPPGP	R	G	18	2	1050.4978	1577.8181	1577.8181	789.9163	789.9163	1577.816	789.9153	0.002	0.7131	3.6411	0.03882912	18.2486	18.2486	0.6554	0	2	0	591	608	637128.2	NA	NA	0	FALSE	FALSE	FALSE	tr|A0A8V0X994|A0A8V0X994_CHICK	A0A8V0X994	A0A8V0X994_CHICK	COL1A2	Collagen type I alpha 2 chain	NA	sp|P02467|CO1A2_CHICK, tr|A0A5H1ZRJ7|A0A5H1ZRJ7_CHICK, tr|A0A8V0XDB7|A0A8V0XDB7_CHICK, tr|A0A8V0XDC7|A0A8V0XDC7_CHICK, tr|A0A8V0XIX0|A0A8V0XIX0_CHICK, tr|A0A8V0XK94|A0A8V0XK94_CHICK	11192	1051.791	11223	1040.5111	1062.7821	13.963	4
RTF.11864.11864.0	F:\2-23-2026_Skyline_Siwar\Each_folder\RTF\interact-RTF_rank1.pep.xml	GFSGLQGPPGPPGAPGEQGPSGASGPAGPR	GFSGLQGP[113]PGP[113]PGAPGEQGPSGASGPAGPR	DRGMKGHR.GFSGLQGPPGPPGAPGEQGPSGASGPAGPR.GPPGSAGA	R	G	30	3	1110.3862	2672.2703	2672.2703	891.764	891.764	2672.2576	891.7598	0.0127	0.8064	4.1551	1.337e-11	40.0381	40.0381	0.9807	0	2	0	1101	1130	1285769	11P(15.9949),8P(15.9949)	NA	0	FALSE	FALSE	FALSE	sp|P02457|CO1A1_CHICK	P02457	CO1A1_CHICK	COL1A1	Collagen alpha-1(I) chain	NA	tr|A0A1D5PYU1|A0A1D5PYU1_CHICK, tr|A0A8V0ZWS1|A0A8V0ZWS1_CHICK, tr|A0A8V1A202|A0A8V1A202_CHICK, tr|A0A8V1A446|A0A8V1A446_CHICK, tr|A0A8V1A485|A0A8V1A485_CHICK, tr|A0A8V1A495|A0A8V1A495_CHICK, tr|A0A8V1A4B1|A0A8V1A4B1_CHICK, tr|A0A8V1A970|A0A8V1A970_CHICK	11843	1111.373	11874	1091.201	1131.618	17.696001	12
RTF.12269.12269.0	F:\2-23-2026_Skyline_Siwar\Each_folder\RTF\interact-RTF_rank1.pep.xml	GPKGETGPTGAIGPIGASGPPGPVGAAGPAGPR	GP[113]KGETGPTGAIGPIGASGPP[113]GPVGAAGPAGPR	AKGERGPK.GPKGETGPTGAIGPIGASGPPGPVGAAGPAGPR.GDAGPPGM	K	G	33	3	1147.8698	2836.457	2836.457	946.4929	946.4929	2836.4465	946.4894	0.0105	0.9393	2.3397	0	48.473	48.473	0.9807	0	2	1	744	776	2745859	21P(15.9949),2P(15.9949)	NA	0	FALSE	FALSE	FALSE	tr|A0A8V0X994|A0A8V0X994_CHICK	A0A8V0X994	A0A8V0X994_CHICK	COL1A2	Collagen type I alpha 2 chain	NA	sp|P02467|CO1A2_CHICK, tr|A0A5H1ZRJ7|A0A5H1ZRJ7_CHICK, tr|A0A8V0XDB7|A0A8V0XDB7_CHICK, tr|A0A8V0XDC7|A0A8V0XDC7_CHICK, tr|A0A8V0XIX0|A0A8V0XIX0_CHICK, tr|A0A8V0XK94|A0A8V0XK94_CHICK	12246	1148.6581	12277	1134.6271	1162.9761	14.004001	7
RTF.14154.14154.0	F:\2-23-2026_Skyline_Siwar\Each_folder\RTF\interact-RTF_rank1.pep.xml	GDPGPVGPVGPAGAFGPR	NA	PSGKPGNR.GDPGPVGPVGPAGAFGPR.GLAGPQGP	R	G	18	2	1319.7095	1603.8157	1603.8157	802.9151	802.9151	1603.8105	802.9125	0.0051	0.8953	1.4	2.251858e-8	32.6089	32.6089	0.9666	0	2	0	885	902	2987246.8	NA	NA	0	FALSE	FALSE	FALSE	tr|A0A8V0X994|A0A8V0X994_CHICK	A0A8V0X994	A0A8V0X994_CHICK	COL1A2	Collagen type I alpha 2 chain	NA	sp|P02467|CO1A2_CHICK, tr|A0A5H1ZRJ7|A0A5H1ZRJ7_CHICK, tr|A0A8V0XDB7|A0A8V0XDB7_CHICK, tr|A0A8V0XDC7|A0A8V0XDC7_CHICK, tr|A0A8V0XIX0|A0A8V0XIX0_CHICK, tr|A0A8V0XK94|A0A8V0XK94_CHICK	14137	1321.008	14168	1304.1891	1340.8981	16.849	10
RTF.14280.14280.0	F:\2-23-2026_Skyline_Siwar\Each_folder\RTF\interact-RTF_rank1.pep.xml	GETGPTGAIGPIGASGPPGPVGAAGPAGPR	GETGPTGAIGPIGASGPP[113]GPVGAAGPAGPR	ERGPKGPK.GETGPTGAIGPIGASGPPGPVGAAGPAGPR.GDAGPPGM	K	G	30	3	1331.1953	2538.292	2538.292	847.1046	847.1046	2538.2825	847.1014	0.0095	0.713	0.5684	1.304166	14.7344	14.7344	0.7935	0	2	0	747	776	337593.1	18P(15.9949)	NA	0	FALSE	FALSE	FALSE	tr|A0A8V0X994|A0A8V0X994_CHICK	A0A8V0X994	A0A8V0X994_CHICK	COL1A2	Collagen type I alpha 2 chain	NA	sp|P02467|CO1A2_CHICK, tr|A0A5H1ZRJ7|A0A5H1ZRJ7_CHICK, tr|A0A8V0XDB7|A0A8V0XDB7_CHICK, tr|A0A8V0XDC7|A0A8V0XDC7_CHICK, tr|A0A8V0XIX0|A0A8V0XIX0_CHICK, tr|A0A8V0XK94|A0A8V0XK94_CHICK	14261	1338.113	14354	1321.008	1340.8981	17.044	4
RTF.16289.16289.0	F:\2-23-2026_Skyline_Siwar\Each_folder\RTF\interact-RTF_rank1.pep.xml	GLPGIAGATGEPGPLGVSGPPGAR	GLP[113]GIAGATGEPGPLGVSGPP[113]GAR	LPGSRGER.GLPGIAGATGEPGPLGVSGPPGAR.GPSGPVGS	R	G	24	3	1514.4292	2116.098	2116.098	706.3733	706.3733	2116.091	706.3709	0.0068	0.8872	0.2464	0.001053212	21.8559	12.5569	0.9193	0	2	0	756	779	982256.9	21P(15.9949),3P(15.9949)	NA	0	FALSE	FALSE	FALSE	tr|A0A8V0XK94|A0A8V0XK94_CHICK	A0A8V0XK94	A0A8V0XK94_CHICK	COL1A2	Collagen type I alpha 2 chain	NA	sp|P02467|CO1A2_CHICK, tr|A0A5H1ZRJ7|A0A5H1ZRJ7_CHICK, tr|A0A8V0XDB7|A0A8V0XDB7_CHICK, tr|A0A8V0XDC7|A0A8V0XDC7_CHICK, tr|A0A8V0XIX0|A0A8V0XIX0_CHICK	16276	1521.7211	16369	1485.071	1533.175	22.879002	13
RTF.16334.16334.0	F:\2-23-2026_Skyline_Siwar\Each_folder\RTF\interact-RTF_rank1.pep.xml	GLPGIAGATGEPGPLGVSGPPGAR	GLP[113]GIAGATGEPGPLGVSGP[113]PGAR	LPGSRGER.GLPGIAGATGEPGPLGVSGPPGAR.GPSGPVGS	R	G	24	2	1518.375	2116.0967	2116.0967	1059.0556	1059.0556	2116.091	1059.0528	0.0056	0.8967	0.1807	8.79714e-9	33.5488	33.5488	0.9545	0	2	0	756	779	773876.75	20P(15.9949),3P(15.9949)	NA	0	FALSE	FALSE	FALSE	tr|A0A8V0XK94|A0A8V0XK94_CHICK	A0A8V0XK94	A0A8V0XK94_CHICK	COL1A2	Collagen type I alpha 2 chain	NA	sp|P02467|CO1A2_CHICK, tr|A0A5H1ZRJ7|A0A5H1ZRJ7_CHICK, tr|A0A8V0XDB7|A0A8V0XDB7_CHICK, tr|A0A8V0XDC7|A0A8V0XDC7_CHICK, tr|A0A8V0XIX0|A0A8V0XIX0_CHICK	16307	1518.7981	16338	1490.6351	1530.421	22.879002	12
RTF.19608.19608.0	F:\2-23-2026_Skyline_Siwar\Each_folder\RTF\interact-RTF_rank1.pep.xml	EKMYNVLLFVDGGWMVDVR	NA	DGLTSDVK.EKMYNVLLFVDGGWMVDVR.EDAEEDPE	K	E	19	3	1815.8807	2270.1428	2270.1428	757.7215	757.7215	2270.1228	757.7149	0.02	0.3939	7.2329	3.156024	13.8507	10.4535	0.6535	0	2	1	790	808	233772.97	NA	NA	0	FALSE	FALSE	FALSE	tr|A0A8V0Y9Y4|A0A8V0Y9Y4_CHICK	A0A8V0Y9Y4	A0A8V0Y9Y4_CHICK	NUP107	Nuclear pore complex protein	NA	tr|A0A8V0YG74|A0A8V0YG74_CHICK, tr|A0A8V0YN32|A0A8V0YN32_CHICK	19593	1811.8931	19562	1806.228	1817.3391	13.933001	1
RTF.24725.24725.0	F:\2-23-2026_Skyline_Siwar\Each_folder\RTF\interact-RTF_rank1.pep.xml	KPLVIIAEDVDGEALSTLVLNR	NA	LEIANSHR.KPLVIIAEDVDGEALSTLVLNR.LKVGLQVV	R	L	22	3	2271.7747	2364.3364	2364.3364	789.1194	789.1194	2364.3264	789.1161	0.01	0.8408	3.0786	0.003033453	20.7981	20.7981	0.8672	0	2	0	269	290	871547.1	NA	NA	0	FALSE	FALSE	FALSE	sp|Q5ZL72|CH60_CHICK	Q5ZL72	CH60_CHICK	HSPD1	60 kDa heat shock protein, mitochondrial	NA	tr|A0A8V0YR10|A0A8V0YR10_CHICK, tr|A0A8V0YXN7|A0A8V0YXN7_CHICK	24708	2273.0781	24739	2261.9512	2284.153	16.737001	6
RTF.24975.24975.0	F:\2-23-2026_Skyline_Siwar\Each_folder\RTF\interact-RTF_rank1.pep.xml	LCYVALDFEQEMATAASSSSLEK	LCYVALDFEQEMATAASSSSLEK	IVRDIKEK.LCYVALDFEQEMATAASSSSLEK.SYELPDGQ	K	S	23	3	2293.8374	2549.174	2549.174	850.7319	850.7319	2549.1665	850.7294	0.0075	0.8948	3.2221	2.944897e-5	25.4329	25.4329	0.9387	0	2	0	216	238	1579372.4	2C(57.0215)	NA	0	FALSE	FALSE	FALSE	sp|Q5ZMQ2|ACTG_CHICK	Q5ZMQ2	ACTG_CHICK	ACTG1	Actin, cytoplasmic 2	ACTB, ACTG1L	sp|P53478|ACT5_CHICK, sp|P60706|ACTB_CHICK, tr|A0A8V0ZH84|A0A8V0ZH84_CHICK, tr|A0A8V0ZI10|A0A8V0ZI10_CHICK, tr|A0A8V0ZIN3|A0A8V0ZIN3_CHICK, tr|A0A8V0ZIN7|A0A8V0ZIN7_CHICK, tr|A0A8V1ADE6|A0A8V1ADE6_CHICK, tr|A0A8V1AIT3|A0A8V1AIT3_CHICK, tr|A0A8V1AKL6|A0A8V1AKL6_CHICK	24956	2297.8042	25018	2289.5322	2306.103	13.861001	4
RTF.27244.27244.0	F:\2-23-2026_Skyline_Siwar\Each_folder\RTF\interact-RTF_rank1.pep.xml	ITAFVPNDGCLNFIEENDEVLVAGFGR	ITAFVPNDGCLNFIEENDEVLVAGFGR	QLIKNGKK.ITAFVPNDGCLNFIEENDEVLVAGFGR.KGHAVGDI	K	K	27	3	2497.1797	2995.4385	2995.4385	999.4868	999.4868	2995.4385	999.4868	0	0.9108	3.2201	2.293107e-5	25.683	25.683	0.9141	0	2	0	140	166	0	10C(57.0215)	NA	0	FALSE	FALSE	FALSE	tr|A0A8V0XPN5|A0A8V0XPN5_CHICK	A0A8V0XPN5	A0A8V0XPN5_CHICK	RPS23	Small ribosomal subunit protein uS12	NA	tr|A0A8V0XPP0|A0A8V0XPP0_CHICK, tr|A0A8V0XRS9|A0A8V0XRS9_CHICK, tr|A0A8V0XX90|A0A8V0XX90_CHICK	27219	0	0	0	0	0	0
RTF.27589.27589.0	F:\2-23-2026_Skyline_Siwar\Each_folder\RTF\interact-RTF_rank1.pep.xml	MTQIMFETFNVPAMYVAIQAVLSLYASGR	M[147]TQIM[147]FETFNVPAM[147]YVAIQAVLSLYASGR	NPKANREK.MTQIMFETFNVPAMYVAIQAVLSLYASGR.TTGIVLDS	K	T	29	3	2527.707	3298.6272	3298.6272	1100.5497	1100.5497	3298.6074	1100.5431	0.0197	0.8991	1.9079	4.587924e-8	31.8973	31.8973	0.9394	0	2	0	121	149	0	14M(15.9949),1M(15.9949),5M(15.9949)	NA	0	FALSE	FALSE	FALSE	sp|P68139|ACTS_CHICK	P68139	ACTS_CHICK	ACTA1	Actin, alpha skeletal muscle	ACTA2, ACTBL2, ACTC1, ACTG2	sp|P08023|ACTA_CHICK, sp|P63270|ACTH_CHICK, sp|P68034|ACTC_CHICK, tr|A0A1D5NV17|A0A1D5NV17_CHICK, tr|A0A8V0XLI0|A0A8V0XLI0_CHICK, tr|A0A8V0Y055|A0A8V0Y055_CHICK, tr|A0A8V0ZU05|A0A8V0ZU05_CHICK, tr|F1P476|F1P476_CHICK	27560	0	0	0	0	0	0
RTF.27619.27619.0	F:\2-23-2026_Skyline_Siwar\Each_folder\RTF\interact-RTF_rank1.pep.xml	MTQIMFETFNTPAMYVAIQAVLSLYASGR	NA	NPKANREK.MTQIMFETFNTPAMYVAIQAVLSLYASGR.TTGIVMDS	K	T	29	3	2530.327	3253.5962	3253.5962	1085.5393	1085.5393	3252.602	1085.2079	0.9941	0.9843	6.6266	0	54.0301	54.0301	0.9807	0	2	0	119	147	0	NA	NA	0	FALSE	FALSE	FALSE	sp|Q5ZMQ2|ACTG_CHICK	Q5ZMQ2	ACTG_CHICK	ACTG1	Actin, cytoplasmic 2	ACTB	sp|P53478|ACT5_CHICK, sp|P60706|ACTB_CHICK, tr|A0A8V0ZH84|A0A8V0ZH84_CHICK, tr|A0A8V0ZIN3|A0A8V0ZIN3_CHICK, tr|A0A8V0ZIN7|A0A8V0ZIN7_CHICK, tr|A0A8V1ADE6|A0A8V1ADE6_CHICK, tr|A0A8V1AIT3|A0A8V1AIT3_CHICK, tr|A0A8V1AKL6|A0A8V1AKL6_CHICK	27591	0	0	0	0	0	0
