Protein	Protein ID	Entry Name	Gene	Length	Is Decoy	Is Contaminant	Organism	Protein Description	Protein Existence	Coverage	Protein Probability	Top Peptide Probability	Protein Qvalue	Total Peptides	Unique Peptides	Razor Peptides	Total Spectral Count	Unique Spectral Count	Razor Spectral Count	Total Intensity	Unique Intensity	Razor Intensity	Razor Assigned Modifications	Razor Observed Modifications	Indistinguishable Proteins
sp|P00337|LDHB_CHICK	P00337	LDHB_CHICK	LDHB	333	FALSE	FALSE	Gallus gallus	L-lactate dehydrogenase B chain	1:Experimental evidence at protein level	8.41	1	0.999	0	2	2	2	2	2	2	10250993	10250993	10250993	13C(57.0215),13C(57.0215)	NA	NA
sp|P00356|G3P_CHICK	P00356	G3P_CHICK	GAPDH	333	FALSE	FALSE	Gallus gallus	Glyceraldehyde-3-phosphate dehydrogenase	2:Experimental evidence at transcript level	10.51	1	0.999	0	2	0	2	2	0	2	2357340.8	0	2357340.8	NA	NA	NA
sp|P00565|KCRM_CHICK	P00565	KCRM_CHICK	CKM	381	FALSE	FALSE	Gallus gallus	Creatine kinase M-type	1:Experimental evidence at protein level	33.07	1	0.999	0	8	8	8	10	10	10	17320626	17320626	17320626	NA	NA	NA
sp|P00940|TPIS_CHICK	P00940	TPIS_CHICK	TPI1	248	FALSE	FALSE	Gallus gallus	Triosephosphate isomerase	1:Experimental evidence at protein level	16.94	1	0.999	0	3	3	3	3	3	3	9996013	9996013	9996013	NA	NA	NA
sp|P01994|HBA_CHICK	P01994	HBA_CHICK	HBAA	142	FALSE	FALSE	Gallus gallus	Hemoglobin subunit alpha-A	1:Experimental evidence at protein level	10.56	1	0.999	0	1	0	1	1	0	1	0	0	0	NA	NA	NA
sp|P02001|HBAD_CHICK	P02001	HBAD_CHICK	HBAD	141	FALSE	FALSE	Gallus gallus	Hemoglobin subunit alpha-D	1:Experimental evidence at protein level	11.35	1	0.999	0	1	0	1	1	0	1	1208989	0	1208989	NA	NA	tr|A0A8V0Z399|A0A8V0Z399_CHICK
sp|P02112|HBB_CHICK	P02112	HBB_CHICK	HBB	147	FALSE	FALSE	Gallus gallus	Hemoglobin subunit beta	1:Experimental evidence at protein level	12.93	1	0.999	0	2	0	2	2	0	2	5734534	0	5734534	NA	NA	NA
sp|P02457|CO1A1_CHICK	P02457	CO1A1_CHICK	COL1A1	1453	FALSE	FALSE	Gallus gallus	Collagen alpha-1(I) chain	1:Experimental evidence at protein level	60.56	1	0.999	0	85	5	83	477	16	461	50956976000	9225357	50956976000	10M(15.9949),10M(15.9949),10M(15.9949),34P(15.9949),40P(15.9949),10M(15.9949),7P(15.9949),10M(15.9949),7P(15.9949),10P(15.9949),10P(15.9949),10P(15.9949),10P(15.9949),13P(15.9949),10P(15.9949),19K(15.9949),10P(15.9949),19K(15.9949),4P(15.9949),10P(15.9949),19K(15.9949),4P(15.9949),10P(15.9949),19K(15.9949),4P(15.9949),10P(15.9949),19K(15.9949),4P(15.9949),10P(15.9949),4P(15.9949),10P(15.9949),4P(15.9949),10P(15.9949),4P(15.9949),10P(15.9949),4P(15.9949),11M(15.9949),3P(15.9949),9P(15.9949),11P(15.9949),12P(15.9949),11P(15.9949),15P(15.9949),11P(15.9949),18P(15.9949),11P(15.9949),18P(15.9949),11P(15.9949),18P(15.9949),11P(15.9949),18P(15.9949),6K(15.9949),11P(15.9949),26K(15.9949),11P(15.9949),3P(15.9949),11P(15.9949),5P(15.9949),11P(15.9949),9P(15.9949),11P(15.9949),9P(15.9949),11P(15.9949),9P(15.9949),12C(57.0215),12C(57.0215),12K(15.9949),12K(15.9949),12K(15.9949),12K(15.9949),14P(15.9949),3P(15.9949),12K(15.9949),14P(15.9949),3P(15.9949),12K(15.9949),15P(15.9949),3P(15.9949),12K(15.9949),15P(15.9949),3P(15.9949),12K(15.9949),21P(15.9949),9P(15.9949),12K(15.9949),21P(15.9949),9P(15.9949),12K(15.9949),30P(15.9949),32P(15.9949),12K(15.9949),3P(15.9949),12K(15.9949),3P(15.9949),12K(15.9949),3P(15.9949),9P(15.9949),12K(15.9949),3P(15.9949),9P(15.9949),12K(15.9949),6M(15.9949),9P(15.9949),12K(15.9949),6P(15.9949),12K(15.9949),6P(15.9949),12K(15.9949),6P(15.9949),9P(15.9949),12K(15.9949),6P(15.9949),9P(15.9949),12K(15.9949),9P(15.9949),12K(15.9949),9P(15.9949),12K(15.9949),9P(15.9949),12P(15.9949),12P(15.9949),12P(15.9949),12P(15.9949),12P(15.9949),12P(15.9949),12P(15.9949),12P(15.9949),12P(15.9949),12P(15.9949),12P(15.9949),12P(15.9949),12P(15.9949),12P(15.9949),12P(15.9949),12P(15.9949),12P(15.9949),12P(15.9949),13P(15.9949),12P(15.9949),14P(15.9949),12P(15.9949),15K(15.9949),12P(15.9949),15K(15.9949),21P(15.9949),12P(15.9949),15K(15.9949),24P(15.9949),12P(15.9949),15K(15.9949),24P(15.9949),12P(15.9949),15K(15.9949),24P(15.9949),12P(15.9949),15K(15.9949),2P(15.9949),12P(15.9949),15K(15.9949),8P(15.9949),12P(15.9949),15M(15.9949),6P(15.9949),12P(15.9949),15M(15.9949),6P(15.9949),12P(15.9949),15P(15.9949),12P(15.9949),15P(15.9949),12P(15.9949),15P(15.9949),12P(15.9949),15P(15.9949),12P(15.9949),15P(15.9949),12P(15.9949),15P(15.9949),29K(15.9949),12P(15.9949),16P(15.9949),12P(15.9949),16P(15.9949),12P(15.9949),18K(15.9949),9K(15.9949),12P(15.9949),18P(15.9949),29K(15.9949),12P(15.9949),21P(15.9949),30K(15.9949),12P(15.9949),21P(15.9949),30K(15.9949),12P(15.9949),24K(15.9949),9P(15.9949),12P(15.9949),26K(15.9949),8P(15.9949),12P(15.9949),26K(15.9949),8P(15.9949),12P(15.9949),26K(15.9949),9P(15.9949),12P(15.9949),30P(15.9949),9K(15.9949),12P(15.9949),3P(15.9949),12P(15.9949),3P(15.9949),12P(15.9949),3P(15.9949),12P(15.9949),3P(15.9949),12P(15.9949),3P(15.9949),12P(15.9949),3P(15.9949),12P(15.9949),3P(15.9949),12P(15.9949),3P(15.9949),12P(15.9949),3P(15.9949),12P(15.9949),3P(15.9949),12P(15.9949),3P(15.9949),12P(15.9949),3P(15.9949),12P(15.9949),5P(15.9949),12P(15.9949),5P(15.9949),12P(15.9949),6K(15.9949),12P(15.9949),6K(15.9949),12P(15.9949),6P(15.9949),12P(15.9949),6P(15.9949),12P(15.9949),6P(15.9949),12P(15.9949),6P(15.9949),12P(15.9949),6P(15.9949),12P(15.9949),8P(15.9949),12P(15.9949),8P(15.9949),12P(15.9949),8P(15.9949),12P(15.9949),8P(15.9949),12P(15.9949),9P(15.9949),12P(15.9949),9P(15.9949),13P(15.9949),7P(15.9949),13P(15.9949),7P(15.9949),13P(15.9949),9P(15.9949),13P(15.9949),9P(15.9949),14K(15.9949),24P(15.9949),3P(15.9949),14K(15.9949),24P(15.9949),3P(15.9949),14K(15.9949),24P(15.9949),6P(15.9949),14K(15.9949),3P(15.9949),5P(15.9949),14K(15.9949),3P(15.9949),6P(15.9949),14K(15.9949),6K(15.9949),14K(15.9949),6K(15.9949),14K(15.9949),6P(15.9949),14K(15.9949),6P(15.9949),14P(15.9949),14P(15.9949),15P(15.9949),24K(15.9949),14P(15.9949),21P(15.9949),24K(15.9949),14P(15.9949),24P(15.9949),30K(15.9949),14P(15.9949),2P(15.9949),14P(15.9949),2P(15.9949),14P(15.9949),2P(15.9949),6M(15.9949),14P(15.9949),2P(15.9949),6M(15.9949),14P(15.9949),2P(15.9949),6M(15.9949),14P(15.9949),5P(15.9949),14P(15.9949),5P(15.9949),6M(15.9949),14P(15.9949),6M(15.9949),8P(15.9949),14P(15.9949),6M(15.9949),8P(15.9949),14P(15.9949),6M(15.9949),9P(15.9949),14P(15.9949),6M(15.9949),9P(15.9949),15K(15.9949),15K(15.9949),15K(15.9949),24P(15.9949),15K(15.9949),8P(15.9949),15M(15.9949),3P(15.9949),6P(15.9949),15P(15.9949),15P(15.9949),15P(15.9949),15P(15.9949),18P(15.9949),15P(15.9949),18P(15.9949),2M(15.9949),15P(15.9949),21P(15.9949),15P(15.9949),21P(15.9949),24K(15.9949),15P(15.9949),21P(15.9949),2M(15.9949),15P(15.9949),24K(15.9949),15P(15.9949),24K(15.9949),15P(15.9949),24K(15.9949),15P(15.9949),24K(15.9949),3P(15.9949),15P(15.9949),24K(15.9949),5P(15.9949),15P(15.9949),24K(15.9949),5P(15.9949),15P(15.9949),24K(15.9949),5P(15.9949),15P(15.9949),24K(15.9949),6P(15.9949),15P(15.9949),24K(15.9949),6P(15.9949),15P(15.9949),24P(15.9949),15P(15.9949),26K(15.9949),8P(15.9949),15P(15.9949),26K(15.9949),8P(15.9949),15P(15.9949),26P(15.9949),29K(15.9949),15P(15.9949),2P(15.9949),15P(15.9949),2P(15.9949),15P(15.9949),2P(15.9949),6M(15.9949),15P(15.9949),2P(15.9949),6M(15.9949),15P(15.9949),3P(15.9949),6M(15.9949),15P(15.9949),6M(15.9949),9P(15.9949),15P(15.9949),6M(15.9949),9P(15.9949),15P(15.9949),6P(15.9949),15P(15.9949),8P(15.9949),15P(15.9949),9P(15.9949),16M(15.9949),16P(15.9949),16P(15.9949),16P(15.9949),16P(15.9949),18P(15.9949),16P(15.9949),9P(15.9949),17K(15.9949),6P(15.9949),9K(15.9949),17K(15.9949),9K(15.9949),17K(15.9949),9K(15.9949),17K(15.9949),9K(15.9949),17P(15.9949),24P(15.9949),30K(15.9949),17P(15.9949),5P(15.9949),18K(15.9949),24P(15.9949),8P(15.9949),18K(15.9949),24P(15.9949),8P(15.9949),18K(15.9949),24P(15.9949),9P(15.9949),18K(15.9949),24P(15.9949),9P(15.9949),18K(15.9949),30P(15.9949),32P(15.9949),18K(15.9949),30P(15.9949),6P(15.9949),18K(15.9949),9P(15.9949),18K(15.9949),9P(15.9949),18P(15.9949),18P(15.9949),18P(15.9949),18P(15.9949),18P(15.9949),20M(15.9949),21K(15.9949),18P(15.9949),20M(15.9949),2P(15.9949),18P(15.9949),23P(15.9949),18P(15.9949),24K(15.9949),5P(15.9949),18P(15.9949),24K(15.9949),9P(15.9949),18P(15.9949),24K(15.9949),9P(15.9949),18P(15.9949),24K(15.9949),9P(15.9949),18P(15.9949),24P(15.9949),27K(15.9949),18P(15.9949),28P(15.9949),7K(15.9949),18P(15.9949),36P(15.9949),18P(15.9949),6K(15.9949),18P(15.9949),6K(15.9949),18P(15.9949),6K(15.9949),18P(15.9949),6K(15.9949),9P(15.9949),18P(15.9949),6K(15.9949),9P(15.9949),18P(15.9949),6K(15.9949),9P(15.9949),18P(15.9949),9P(15.9949),18P(15.9949),9P(15.9949),18P(15.9949),9P(15.9949),19P(15.9949),19P(15.9949),25P(15.9949),19P(15.9949),25P(15.9949),7K(15.9949),20P(15.9949),20P(15.9949),20P(15.9949),21P(15.9949),30K(15.9949),20P(15.9949),26K(15.9949),9P(15.9949),20P(15.9949),9P(15.9949),21P(15.9949),24K(15.9949),3P(15.9949),21P(15.9949),24P(15.9949),30K(15.9949),21P(15.9949),27P(15.9949),30K(15.9949),21P(15.9949),30K(15.9949),21P(15.9949),30K(15.9949),3P(15.9949),21P(15.9949),30K(15.9949),6P(15.9949),21P(15.9949),30M(15.9949),5P(15.9949),21P(15.9949),3P(15.9949),21P(15.9949),9P(15.9949),22P(15.9949),28P(15.9949),7K(15.9949),23P(15.9949),24P(15.9949),24P(15.9949),24P(15.9949),30K(15.9949),24P(15.9949),30P(15.9949),24P(15.9949),3P(15.9949),24P(15.9949),3P(15.9949),24P(15.9949),3P(15.9949),24P(15.9949),3P(15.9949),24P(15.9949),6P(15.9949),24P(15.9949),6P(15.9949),24P(15.9949),9P(15.9949),24P(15.9949),9P(15.9949),24P(15.9949),9P(15.9949),25P(15.9949),25P(15.9949),28P(15.9949),7K(15.9949),26K(15.9949),26K(15.9949),6K(15.9949),26K(15.9949),6K(15.9949),27K(15.9949),3P(15.9949),8P(15.9949),28P(15.9949),36K(15.9949),7K(15.9949),29P(15.9949),32P(15.9949),2P(15.9949),2P(15.9949),3P(15.9949),2P(15.9949),5P(15.9949),6M(15.9949),2P(15.9949),9P(15.9949),2P(15.9949),9P(15.9949),2P(15.9949),9P(15.9949),30M(15.9949),3P(15.9949),5P(15.9949),30M(15.9949),3P(15.9949),6P(15.9949),30M(15.9949),5P(15.9949),6P(15.9949),30M(15.9949),6P(15.9949),30P(15.9949),32P(15.9949),30P(15.9949),9K(15.9949),35P(15.9949),6P(15.9949),8K(15.9949),36P(15.9949),3P(15.9949),3P(15.9949),3P(15.9949),3P(15.9949),3P(15.9949),3P(15.9949),3P(15.9949),3P(15.9949),3P(15.9949),3P(15.9949),3P(15.9949),3P(15.9949),3P(15.9949),3P(15.9949),5P(15.9949),3P(15.9949),5P(15.9949),3P(15.9949),5P(15.9949),3P(15.9949),5P(15.9949),3P(15.9949),5P(15.9949),3P(15.9949),6M(15.9949),3P(15.9949),6M(15.9949),9P(15.9949),3P(15.9949),6P(15.9949),3P(15.9949),6P(15.9949),3P(15.9949),6P(15.9949),3P(15.9949),8P(15.9949),3P(15.9949),9P(15.9949),3P(15.9949),9P(15.9949),3P(15.9949),9P(15.9949),3P(15.9949),9P(15.9949),3P(15.9949),9P(15.9949),4P(15.9949),4P(15.9949),7P(15.9949),5P(15.9949),5P(15.9949),5P(15.9949),5P(15.9949),5P(15.9949),6M(15.9949),9P(15.9949),5P(15.9949),6P(15.9949),5P(15.9949),6P(15.9949),5P(15.9949),9P(15.9949),5P(15.9949),9P(15.9949),6M(15.9949),9P(15.9949),6P(15.9949),6P(15.9949),6P(15.9949),6P(15.9949),6P(15.9949),6P(15.9949),6P(15.9949),6P(15.9949),6P(15.9949),6P(15.9949),6P(15.9949),6P(15.9949),6P(15.9949),9K(15.9949),6P(15.9949),9K(15.9949),6P(15.9949),9K(15.9949),6P(15.9949),9K(15.9949),6P(15.9949),9P(15.9949),6P(15.9949),9P(15.9949),6P(15.9949),9P(15.9949),6P(15.9949),9P(15.9949),6P(15.9949),9P(15.9949),6P(15.9949),9P(15.9949),7P(15.9949),7P(15.9949),8P(15.9949),9P(15.9949),9K(15.9949),9K(15.9949),9P(15.9949),9P(15.9949),9P(15.9949),9P(15.9949),9P(15.9949),9P(15.9949),9P(15.9949),9P(15.9949),9P(15.9949),9P(15.9949),9P(15.9949),9P(15.9949),9P(15.9949),9P(15.9949),9P(15.9949)	NA	NA
sp|P02460|CO2A1_CHICK	P02460	CO2A1_CHICK	COL2A1	859	FALSE	FALSE	Gallus gallus	Collagen alpha-1(II) chain (Fragment)	2:Experimental evidence at transcript level	31.55	1	0.999	0	18	16	18	50	34	50	18516645900	9090535400	18516645900	11P(15.9949),12P(15.9949),11P(15.9949),12P(15.9949),11P(15.9949),9P(15.9949),12P(15.9949),21P(15.9949),30K(15.9949),12P(15.9949),23P(15.9949),12P(15.9949),30K(15.9949),3P(15.9949),12P(15.9949),39K(15.9949),3P(15.9949),12P(15.9949),5P(15.9949),12P(15.9949),5P(15.9949),12P(15.9949),9P(15.9949),14K(15.9949),3P(15.9949),6P(15.9949),14K(15.9949),3P(15.9949),6P(15.9949),14K(15.9949),3P(15.9949),8P(15.9949),14P(15.9949),15P(15.9949),20M(15.9949),15P(15.9949),21P(15.9949),15P(15.9949),24K(15.9949),15P(15.9949),24K(15.9949),15P(15.9949),3P(15.9949),17K(15.9949),6P(15.9949),9P(15.9949),21P(15.9949),24K(15.9949),3P(15.9949),21P(15.9949),30K(15.9949),21P(15.9949),30K(15.9949),3P(15.9949),23P(15.9949),9P(15.9949),24K(15.9949),39P(15.9949),5P(15.9949),26P(15.9949),26P(15.9949),33P(15.9949),27P(15.9949),32M(15.9949),27P(15.9949),32M(15.9949),33P(15.9949),39P(15.9949),3P(15.9949),3P(15.9949),3P(15.9949),3P(15.9949),6P(15.9949),3P(15.9949),6P(15.9949),3P(15.9949),8P(15.9949),3P(15.9949),9P(15.9949),4P(15.9949),9P(15.9949),5P(15.9949),6P(15.9949),6P(15.9949),8P(15.9949),9P(15.9949)	NA	NA
sp|P02588|TNNC2_CHICK	P02588	TNNC2_CHICK	TNNC2	163	FALSE	FALSE	Gallus gallus	Troponin C, skeletal muscle	1:Experimental evidence at protein level	11.66	1	0.9988	0	2	0	1	2	0	1	10185248	0	1116691.2	NA	NA	NA
sp|P02604|MLE1_CHICK	P02604	MLE1_CHICK	NA	192	FALSE	FALSE	Gallus gallus	Myosin light chain 1, skeletal muscle isoform	1:Experimental evidence at protein level	12.5	1	0.999	0	2	0	2	2	0	2	1763751	0	1763751	NA	NA	NA
sp|P02789|TRFE_CHICK	P02789	TRFE_CHICK	NA	705	FALSE	FALSE	Gallus gallus	Ovotransferrin	1:Experimental evidence at protein level	13.76	1	0.999	0	7	1	7	10	2	10	19651722	3138990.8	19651722	11C(57.0215)	NA	NA
sp|P04268|TPM1_CHICK	P04268	TPM1_CHICK	TPM1	284	FALSE	FALSE	Gallus gallus	Tropomyosin alpha-1 chain	1:Experimental evidence at protein level	10.92	1	0.9986	0	4	0	0	5	0	0	13944298	0	0	NA	NA	NA
sp|P05094|ACTN1_CHICK	P05094	ACTN1_CHICK	ACTN1	893	FALSE	FALSE	Gallus gallus	Alpha-actinin-1	1:Experimental evidence at protein level	1.01	1	0.999	0	1	0	0	1	0	0	82421.3	0	0	NA	NA	tr|A0A1D5P9P3|A0A1D5P9P3_CHICK, tr|A0A8V0ZKK8|A0A8V0ZKK8_CHICK
sp|P07322|ENOB_CHICK	P07322	ENOB_CHICK	ENO3	434	FALSE	FALSE	Gallus gallus	Beta-enolase	1:Experimental evidence at protein level	23.73	1	0.999	0	6	5	6	6	5	6	14257144	10584624	14257144	13C(57.0215),13C(57.0215),14C(57.0215)	NA	NA
sp|P07583|LEG4_CHICK	P07583	LEG4_CHICK	CG-1B	135	FALSE	FALSE	Gallus gallus	Beta-galactoside-binding lectin	1:Experimental evidence at protein level	5.93	1	0.999	0	1	0	1	1	0	1	2290846	0	2290846	NA	NA	NA
sp|P08106|HSP70_CHICK	P08106	HSP70_CHICK	NA	634	FALSE	FALSE	Gallus gallus	Heat shock 70 kDa protein	1:Experimental evidence at protein level	4.26	1	0.999	0	1	0	0	1	0	0	0	0	0	NA	NA	NA
sp|P08250|APOA1_CHICK	P08250	APOA1_CHICK	APOA1	264	FALSE	FALSE	Gallus gallus	Apolipoprotein A-I	1:Experimental evidence at protein level	26.89	1	0.9989	0	7	0	7	7	0	7	15558914	0	15558914	NA	NA	NA
sp|P08629|THIO_CHICK	P08629	THIO_CHICK	TXN	105	FALSE	FALSE	Gallus gallus	Thioredoxin	3:Protein inferred from homology	12.38	1	0.999	0	1	1	1	1	1	1	1310265.6	1310265.6	1310265.6	NA	NA	NA
sp|P09644|TBA5_CHICK	P09644	TBA5_CHICK	NA	448	FALSE	FALSE	Gallus gallus	Tubulin alpha-5 chain	3:Protein inferred from homology	4.46	1	0.999	0	1	0	0	1	0	0	1522387.4	0	0	NA	NA	NA
sp|P09654|VIME_CHICK	P09654	VIME_CHICK	VIM	460	FALSE	FALSE	Gallus gallus	Vimentin	3:Protein inferred from homology	29.13	1	0.9967	6.2853551226e-4	11	0	0	11	0	0	15242650	0	0	NA	NA	NA
sp|P0C1H3|H2B1_CHICK	P0C1H3	H2B1_CHICK	H2B-I	126	FALSE	FALSE	Gallus gallus	Histone H2B 1/2/3/4/6	1:Experimental evidence at protein level	11.9	1	0.999	0	1	0	1	1	0	1	298568.16	0	298568.16	NA	NA	sp|P0C1H4|H2B5_CHICK, sp|Q9PSW9|H2B8_CHICK, tr|A0A3Q2UDI2|A0A3Q2UDI2_CHICK, tr|A0A8V0XUE3|A0A8V0XUE3_CHICK, tr|A0A8V0XYS9|A0A8V0XYS9_CHICK, tr|A0A8V0Y0N0|A0A8V0Y0N0_CHICK, tr|A0A8V0YNS6|A0A8V0YNS6_CHICK, tr|A0A8V0YVN2|A0A8V0YVN2_CHICK
sp|P0CB50|PRDX1_CHICK	P0CB50	PRDX1_CHICK	PRDX1	199	FALSE	FALSE	Gallus gallus	Peroxiredoxin-1	1:Experimental evidence at protein level	5.53	1	0.999	0	1	0	1	1	0	1	1119676.9	0	1119676.9	NA	NA	NA
sp|P10184|IOV7_CHICK	P10184	IOV7_CHICK	SPINK5	517	FALSE	FALSE	Gallus gallus	Ovoinhibitor	1:Experimental evidence at protein level	7.35	1	0.999	0	2	1	2	2	1	2	784645.3	784645.3	784645.3	17C(57.0215),20C(57.0215),6C(57.0215),6C(57.0215)	NA	NA
sp|P12105|CO3A1_CHICK	P12105	CO3A1_CHICK	COL3A1	1262	FALSE	FALSE	Gallus gallus	Collagen alpha-1(III) chain (Fragment)	2:Experimental evidence at transcript level	17.51	1	0.999	0	17	1	17	28	1	28	4494996500	3630738	4494996500	10P(15.9949),7P(15.9949),11K(15.9949),2P(15.9949),11K(15.9949),3P(15.9949),11K(15.9949),3P(15.9949),11K(15.9949),3P(15.9949),5P(15.9949),11P(15.9949),18K(15.9949),8P(15.9949),11P(15.9949),3P(15.9949),12K(15.9949),3P(15.9949),9P(15.9949),12P(15.9949),21K(15.9949),14P(15.9949),18P(15.9949),15K(15.9949),3P(15.9949),6P(15.9949),18K(15.9949),23P(15.9949),8P(15.9949),18K(15.9949),27P(15.9949),9P(15.9949),18K(15.9949),5P(15.9949),9P(15.9949),18K(15.9949),8P(15.9949),9P(15.9949),2P(15.9949),6P(15.9949),3P(15.9949),6P(15.9949),3P(15.9949),6P(15.9949),9K(15.9949),3P(15.9949),9P(15.9949),4P(15.9949),5P(15.9949),9P(15.9949),5P(15.9949),9P(15.9949),6P(15.9949),6P(15.9949),9P(15.9949),6P(15.9949),9P(15.9949),6P(15.9949),9P(15.9949),9P(15.9949)	NA	NA
sp|P13731|SERPH_CHICK	P13731	SERPH_CHICK	SERPINH1	405	FALSE	FALSE	Gallus gallus	Serpin H1	1:Experimental evidence at protein level	4.2	1	0.999	0	1	0	1	1	0	1	0	0	0	NA	NA	tr|A0A8V0XBU4|A0A8V0XBU4_CHICK
sp|P17153|ANXA5_CHICK	P17153	ANXA5_CHICK	ANXA5	321	FALSE	FALSE	Gallus gallus	Annexin A5	1:Experimental evidence at protein level	3.74	1	0.999	0	1	0	1	1	0	1	460019.7	0	460019.7	NA	NA	tr|A0A8V0XMH5|A0A8V0XMH5_CHICK, tr|A0A8V0XQ87|A0A8V0XQ87_CHICK
sp|P17785|ANXA2_CHICK	P17785	ANXA2_CHICK	ANXA2	339	FALSE	FALSE	Gallus gallus	Annexin A2	1:Experimental evidence at protein level	3.24	1	0.999	0	1	0	1	1	0	1	0	0	0	NA	NA	tr|A0A8V0ZZB2|A0A8V0ZZB2_CHICK
sp|P20111|ACTN2_CHICK	P20111	ACTN2_CHICK	ACTN2	897	FALSE	FALSE	Gallus gallus	Alpha-actinin-2	2:Experimental evidence at transcript level	1	1	0.9987	0	1	0	0	1	0	0	82421.3	0	0	NA	NA	tr|A0A8V0Y4J1|A0A8V0Y4J1_CHICK, tr|A0A8V0Y4K9|A0A8V0Y4K9_CHICK
sp|P24479|S10AB_CHICK	P24479	S10AB_CHICK	S100A11	101	FALSE	FALSE	Gallus gallus	Protein S100-A11	1:Experimental evidence at protein level	11.88	1	0.9986	0	1	0	1	1	0	1	1526838.8	0	1526838.8	NA	NA	tr|A0A8V1ACT3|A0A8V1ACT3_CHICK
sp|P27731|TTHY_CHICK	P27731	TTHY_CHICK	TTR	150	FALSE	FALSE	Gallus gallus	Transthyretin	1:Experimental evidence at protein level	15.33	1	0.999	0	2	0	2	2	0	2	4636718	0	4636718	NA	NA	tr|A0A1I7Q422|A0A1I7Q422_CHICK
sp|P28675|PGS2_CHICK	P28675	PGS2_CHICK	DCN	357	FALSE	FALSE	Gallus gallus	Decorin	1:Experimental evidence at protein level	48.46	1	0.999	0	14	0	14	24	0	24	100141520	0	100141520	10C(57.0215),10C(57.0215),15K(15.9949),18K(15.9949),3P(15.9949),3P(15.9949),4C(57.0215)	NA	tr|A0A1L1RX77|A0A1L1RX77_CHICK
sp|P42558|RAN_CHICK	P42558	RAN_CHICK	RAN	216	FALSE	FALSE	Gallus gallus	GTP-binding nuclear protein Ran	2:Experimental evidence at transcript level	8.8	1	0.999	0	1	1	1	1	1	1	218916.73	218916.73	218916.73	9C(57.0215)	NA	NA
sp|P51887|FMOD_CHICK	P51887	FMOD_CHICK	FMOD	380	FALSE	FALSE	Gallus gallus	Fibromodulin	2:Experimental evidence at transcript level	7.37	1	0.9989	0	3	0	3	4	0	4	62551200	0	62551200	NA	NA	tr|A0A1D5NTY7|A0A1D5NTY7_CHICK, tr|A0A8V1A6G5|A0A8V1A6G5_CHICK
sp|P51913|ENOA_CHICK	P51913	ENOA_CHICK	ENO1	434	FALSE	FALSE	Gallus gallus	Alpha-enolase	2:Experimental evidence at transcript level	7.83	1	0.998	0	2	0	0	2	0	0	6730116.5	0	0	NA	NA	NA
sp|P60706|ACTB_CHICK	P60706	ACTB_CHICK	ACTB	375	FALSE	FALSE	Gallus gallus	Actin, cytoplasmic 1	1:Experimental evidence at protein level	31.2	1	0.999	0	6	0	1	10	0	1	17545798	0	0	N-term(42.0106),16C(57.0215)	NA	NA
sp|P62149|CALM_CHICK	P62149	CALM_CHICK	CALM	149	FALSE	FALSE	Gallus gallus	Calmodulin	1:Experimental evidence at protein level	24.83	1	0.999	0	4	0	4	5	0	5	44679936	0	44679936	N-term(42.0106),N-term(42.0106)	NA	tr|A0A8V0ZCJ0|A0A8V0ZCJ0_CHICK
sp|P62801|H4_CHICK	P62801	H4_CHICK	H4-I	103	FALSE	FALSE	Gallus gallus	Histone H4	1:Experimental evidence at protein level	20.39	1	0.999	0	3	0	3	3	0	3	5785723.5	0	5785723.5	NA	NA	sp|P70081|H48_CHICK
sp|P63247|RACK1_CHICK	P63247	RACK1_CHICK	RACK1	317	FALSE	FALSE	Gallus gallus	Small ribosomal subunit protein RACK1	1:Experimental evidence at protein level	8.83	1	0.999	0	1	0	1	1	0	1	0	0	0	6C(57.0215)	NA	NA
sp|P68034|ACTC_CHICK	P68034	ACTC_CHICK	ACTC1	377	FALSE	FALSE	Gallus gallus	Actin, alpha cardiac muscle 1	3:Protein inferred from homology	14.85	1	0.999	0	3	0	0	4	0	0	7027356.5	0	0	NA	NA	tr|A0A8V0XLI0|A0A8V0XLI0_CHICK
sp|P80026|PRVM_CHICK	P80026	PRVM_CHICK	NA	109	FALSE	FALSE	Gallus gallus	Parvalbumin, muscle	1:Experimental evidence at protein level	11.93	1	0.9988	0	1	0	1	1	0	1	1762022.6	0	1762022.6	N-term(42.0106)	NA	tr|C1L370|C1L370_CHICK
sp|Q04619|HS90B_CHICK	Q04619	HS90B_CHICK	HSP90AB1	725	FALSE	FALSE	Gallus gallus	Heat shock cognate protein HSP 90-beta	2:Experimental evidence at transcript level	6.48	1	0.999	0	2	0	1	3	0	2	0	0	0	NA	NA	NA
sp|Q05063|LYOX_CHICK	Q05063	LYOX_CHICK	LOX	420	FALSE	FALSE	Gallus gallus	Protein-lysine 6-oxidase	1:Experimental evidence at protein level	3.1	1	0.9989	0	1	0	1	1	0	1	3240354.5	0	3240354.5	NA	NA	tr|A0A8V0XAJ0|A0A8V0XAJ0_CHICK
sp|Q5F3W6|1433G_CHICK	Q5F3W6	1433G_CHICK	YWHAG	247	FALSE	FALSE	Gallus gallus	14-3-3 protein gamma	1:Experimental evidence at protein level	4.05	1	0.999	0	1	0	0	1	0	0	516749.4	0	0	NA	NA	tr|F1NMY1|F1NMY1_CHICK
sp|Q5ZKC9|1433Z_CHICK	Q5ZKC9	1433Z_CHICK	YWHAZ	245	FALSE	FALSE	Gallus gallus	14-3-3 protein zeta	2:Experimental evidence at transcript level	4.08	1	0.999	0	1	0	0	1	0	0	516749.4	0	0	NA	NA	tr|A0A8V0YJ41|A0A8V0YJ41_CHICK
sp|Q5ZL72|CH60_CHICK	Q5ZL72	CH60_CHICK	HSPD1	573	FALSE	FALSE	Gallus gallus	60 kDa heat shock protein, mitochondrial	1:Experimental evidence at protein level	3.84	1	0.999	0	1	0	1	1	0	1	3452608.8	0	3452608.8	NA	NA	NA
sp|Q5ZLN1|PGAM1_CHICK	Q5ZLN1	PGAM1_CHICK	PGAM1	254	FALSE	FALSE	Gallus gallus	Phosphoglycerate mutase 1	1:Experimental evidence at protein level	13.78	1	0.999	0	2	0	2	2	0	2	2330774	0	2330774	12C(57.0215)	NA	NA
sp|Q5ZLQ6|1433B_CHICK	Q5ZLQ6	1433B_CHICK	YWHAB	244	FALSE	FALSE	Gallus gallus	14-3-3 protein beta/alpha	2:Experimental evidence at transcript level	4.1	1	0.999	0	1	0	0	1	0	0	516749.4	0	0	NA	NA	NA
sp|Q5ZMD1|1433T_CHICK	Q5ZMD1	1433T_CHICK	YWHAQ	245	FALSE	FALSE	Gallus gallus	14-3-3 protein theta	1:Experimental evidence at protein level	4.08	1	0.999	0	1	0	0	1	0	0	516749.4	0	0	NA	NA	tr|A0A8V0XKF3|A0A8V0XKF3_CHICK
sp|Q5ZMQ2|ACTG_CHICK	Q5ZMQ2	ACTG_CHICK	ACTG1	375	FALSE	FALSE	Gallus gallus	Actin, cytoplasmic 2	1:Experimental evidence at protein level	31.2	1	0.999	0	6	0	6	10	0	10	17545798	0	17545798	1M(15.9949),5M(15.9949),2C(57.0215),N-term(42.0106),16C(57.0215)	NA	NA
sp|Q5ZMT0|1433E_CHICK	Q5ZMT0	1433E_CHICK	YWHAE	255	FALSE	FALSE	Gallus gallus	14-3-3 protein epsilon	1:Experimental evidence at protein level	3.92	1	0.999	0	1	0	1	1	0	1	516749.4	0	516749.4	NA	NA	NA
sp|Q98953|S10A6_CHICK	Q98953	S10A6_CHICK	S100A6	92	FALSE	FALSE	Gallus gallus	Protein S100-A6	3:Protein inferred from homology	34.78	1	0.999	0	2	2	2	3	3	3	4119675.5	4119675.5	4119675.5	3P(15.9949)	NA	NA
sp|Q9I8P6|OTOR_CHICK	Q9I8P6	OTOR_CHICK	OTOR	132	FALSE	FALSE	Gallus gallus	Otoraplin	2:Experimental evidence at transcript level	12.12	1	0.999	0	2	2	2	2	2	2	2539300	2539300	2539300	2C(57.0215),7C(57.0215),3C(57.0215),8C(57.0215)	NA	NA
sp|Q9W6H0|MIME_CHICK	Q9W6H0	MIME_CHICK	OGN	294	FALSE	FALSE	Gallus gallus	Mimecan	2:Experimental evidence at transcript level	12.24	1	0.999	0	3	3	3	3	3	3	9747037	9747037	9747037	NA	NA	NA
tr|A0A146F047|A0A146F047_CHICK	A0A146F047	A0A146F047_CHICK	KRT6A	522	FALSE	FALSE	Gallus gallus	Keratin 6A	1:Experimental evidence at protein level	2.3	1	0.9966	6.2853551226e-4	1	0	0	1	0	0	1514499	0	0	NA	NA	tr|A0A8V0ZY77|A0A8V0ZY77_CHICK
tr|A0A1D5NV17|A0A1D5NV17_CHICK	A0A1D5NV17	A0A1D5NV17_CHICK	ACTBL2	377	FALSE	FALSE	Gallus gallus	Actin beta like 2	1:Experimental evidence at protein level	14.85	1	0.9983	0	3	0	0	4	0	0	7027356.5	0	0	NA	NA	NA
tr|A0A1D5NVI1|A0A1D5NVI1_CHICK	A0A1D5NVI1	A0A1D5NVI1_CHICK	RPL9	192	FALSE	FALSE	Gallus gallus	Large ribosomal subunit protein uL6	1:Experimental evidence at protein level	21.35	1	0.999	0	1	1	1	1	1	1	1399750.4	1399750.4	1399750.4	7C(57.0215)	NA	NA
tr|A0A1D5P8I8|A0A1D5P8I8_CHICK	A0A1D5P8I8	A0A1D5P8I8_CHICK	COL12A1	3065	FALSE	FALSE	Gallus gallus	Collagen alpha-1(XII) chain	1:Experimental evidence at protein level	6.07	1	0.999	0	10	0	10	11	0	11	8885140	0	8885140	NA	NA	tr|A0A1L1RPW4|A0A1L1RPW4_CHICK, tr|F1NX22|F1NX22_CHICK
tr|A0A1D5PAR5|A0A1D5PAR5_CHICK	A0A1D5PAR5	A0A1D5PAR5_CHICK	TUB5A	449	FALSE	FALSE	Gallus gallus	Tubulin alpha chain	3:Protein inferred from homology	4.45	1	0.999	0	1	0	0	1	0	0	1522387.4	0	0	NA	NA	tr|A0A8V1A7K9|A0A8V1A7K9_CHICK, tr|A0A8V1ACK7|A0A8V1ACK7_CHICK
tr|A0A1D5PK05|A0A1D5PK05_CHICK	A0A1D5PK05	A0A1D5PK05_CHICK	C1QL3	255	FALSE	FALSE	Gallus gallus	Complement C1q like 3	4:Protein predicted	9.02	1	0.99	0.00214018191546	1	1	1	1	1	1	1218772.6	1218772.6	1218772.6	14P(15.9949),18K(15.9949),8P(15.9949)	NA	NA
tr|A0A1D5PLH7|A0A1D5PLH7_CHICK	A0A1D5PLH7	A0A1D5PLH7_CHICK	PRDX4	265	FALSE	FALSE	Gallus gallus	thioredoxin-dependent peroxiredoxin	1:Experimental evidence at protein level	4.15	1	0.999	0	1	0	1	1	0	1	1584856.4	0	1584856.4	NA	NA	NA
tr|A0A1D5PS29|A0A1D5PS29_CHICK	A0A1D5PS29	A0A1D5PS29_CHICK	EEF2	858	FALSE	FALSE	Gallus gallus	Elongation factor 2	1:Experimental evidence at protein level	6.29	1	0.999	0	2	0	2	2	0	2	1120436.2	0	1120436.2	11C(57.0215),16C(57.0215),28C(57.0215),7C(57.0215)	NA	NA
tr|A0A1D5PSE5|A0A1D5PSE5_CHICK	A0A1D5PSE5	A0A1D5PSE5_CHICK	ACLY	1101	FALSE	FALSE	Gallus gallus	ATP-citrate synthase	1:Experimental evidence at protein level	1.73	1	0.999	0	1	0	1	1	0	1	0	0	0	NA	NA	tr|A0A8V0ZQK8|A0A8V0ZQK8_CHICK, tr|A0A8V0ZQM1|A0A8V0ZQM1_CHICK
tr|A0A1D5PUL6|A0A1D5PUL6_CHICK	A0A1D5PUL6	A0A1D5PUL6_CHICK	HSP90AA1	728	FALSE	FALSE	Gallus gallus	Heat shock protein 90 alpha family class A member 1	3:Protein inferred from homology	2.75	1	0.999	0	1	0	1	1	0	1	0	0	0	NA	NA	tr|A0A8V0YRK7|A0A8V0YRK7_CHICK
tr|A0A3Q2U321|A0A3Q2U321_CHICK	A0A3Q2U321	A0A3Q2U321_CHICK	POSTN	857	FALSE	FALSE	Gallus gallus	Periostin	1:Experimental evidence at protein level	1.52	1	0.999	0	1	0	1	1	0	1	567600.25	0	567600.25	NA	NA	NA
tr|A0A3Q2U825|A0A3Q2U825_CHICK	A0A3Q2U825	A0A3Q2U825_CHICK	RPS28	69	FALSE	FALSE	Gallus gallus	Small ribosomal subunit protein eS28	1:Experimental evidence at protein level	17.39	1	0.999	0	1	0	1	1	0	1	0	0	0	NA	NA	tr|A0A8V1AGF8|A0A8V1AGF8_CHICK
tr|A0A3Q2UFV6|A0A3Q2UFV6_CHICK	A0A3Q2UFV6	A0A3Q2UFV6_CHICK	COMP	761	FALSE	FALSE	Gallus gallus	Cartilage oligomeric matrix protein	1:Experimental evidence at protein level	5.78	1	0.999	0	3	1	3	5	1	5	2172003.5	418647.94	2172003.5	4C(57.0215),4C(57.0215),4C(57.0215),5P(15.9949)	NA	NA
tr|A0A3Q3A7M3|A0A3Q3A7M3_CHICK	A0A3Q3A7M3	A0A3Q3A7M3_CHICK	CD99	177	FALSE	FALSE	Gallus gallus	CD99 molecule (chicken D blood group)	1:Experimental evidence at protein level	9.6	1	0.999	0	1	0	1	1	0	1	1426098.9	0	1426098.9	NA	NA	NA
tr|A0A8V0X0T6|A0A8V0X0T6_CHICK	A0A8V0X0T6	A0A8V0X0T6_CHICK	NA	408	FALSE	FALSE	Gallus gallus	Eukaryotic translation elongation factor 1 gamma	1:Experimental evidence at protein level	6.86	1	0.999	0	1	0	1	1	0	1	0	0	0	11C(57.0215)	NA	tr|A0A8V0X8H2|A0A8V0X8H2_CHICK, tr|A0A8V0X8N7|A0A8V0X8N7_CHICK
tr|A0A8V0X4F7|A0A8V0X4F7_CHICK	A0A8V0X4F7	A0A8V0X4F7_CHICK	ALDOA	192	FALSE	FALSE	Gallus gallus	Fructose-bisphosphate aldolase	1:Experimental evidence at protein level	8.33	1	0.999	0	1	0	0	1	0	0	679788.5	0	0	NA	NA	NA
tr|A0A8V0X522|A0A8V0X522_CHICK	A0A8V0X522	A0A8V0X522_CHICK	LOC107050717	287	FALSE	FALSE	Gallus gallus	Calumenin	3:Protein inferred from homology	5.57	1	0.999	0	1	0	1	2	0	2	6798725	0	6798725	NA	NA	tr|A0A8V0X800|A0A8V0X800_CHICK, tr|A0A8V0XAN8|A0A8V0XAN8_CHICK
tr|A0A8V0X5E2|A0A8V0X5E2_CHICK	A0A8V0X5E2	A0A8V0X5E2_CHICK	ALDOA	335	FALSE	FALSE	Gallus gallus	Fructose-bisphosphate aldolase	1:Experimental evidence at protein level	8.36	1	0.999	0	2	0	2	2	0	2	3355173	0	3355173	NA	NA	tr|A0A8V0X7G1|A0A8V0X7G1_CHICK, tr|A0A8V0X7U8|A0A8V0X7U8_CHICK
tr|A0A8V0X994|A0A8V0X994_CHICK	A0A8V0X994	A0A8V0X994_CHICK	COL1A2	1270	FALSE	FALSE	Gallus gallus	Collagen type I alpha 2 chain	4:Protein predicted	65.35	1	0.999	0	73	0	73	381	0	381	34128949200	0	34128949200	10P(15.9949),10P(15.9949),10P(15.9949),16K(15.9949),11K(15.9949),2P(15.9949),3P(15.9949),11P(15.9949),11P(15.9949),11P(15.9949),11P(15.9949),11P(15.9949),11P(15.9949),12K(15.9949),20K(15.9949),11P(15.9949),12P(15.9949),11P(15.9949),14P(15.9949),11P(15.9949),18P(15.9949),11P(15.9949),18P(15.9949),11P(15.9949),3P(15.9949),11P(15.9949),5P(15.9949),11P(15.9949),8P(15.9949),11P(15.9949),8P(15.9949),11P(15.9949),9P(15.9949),11P(15.9949),9P(15.9949),12K(15.9949),12K(15.9949),12K(15.9949),12K(15.9949),12K(15.9949),12K(15.9949),21P(15.9949),24K(15.9949),12K(15.9949),24P(15.9949),2P(15.9949),12K(15.9949),24P(15.9949),2P(15.9949),12K(15.9949),24P(15.9949),33P(15.9949),12K(15.9949),24P(15.9949),33P(15.9949),12K(15.9949),2P(15.9949),8K(15.9949),12K(15.9949),33P(15.9949),8P(15.9949),12K(15.9949),3P(15.9949),9P(15.9949),12K(15.9949),6P(15.9949),12K(15.9949),6P(15.9949),12K(15.9949),6P(15.9949),12K(15.9949),6P(15.9949),12K(15.9949),6P(15.9949),9K(15.9949),12K(15.9949),6P(15.9949),9K(15.9949),12K(15.9949),6P(15.9949),9P(15.9949),12K(15.9949),6P(15.9949),9P(15.9949),12K(15.9949),6P(15.9949),9P(15.9949),12K(15.9949),8K(15.9949),12K(15.9949),9P(15.9949),12K(15.9949),9P(15.9949),12K(15.9949),9P(15.9949),12K(15.9949),9P(15.9949),12M(15.9949),12M(15.9949),12P(15.9949),12P(15.9949),15M(15.9949),9P(15.9949),12P(15.9949),15M(15.9949),9P(15.9949),12P(15.9949),15P(15.9949),12P(15.9949),18K(15.9949),9K(15.9949),12P(15.9949),18K(15.9949),9K(15.9949),12P(15.9949),21K(15.9949),4P(15.9949),12P(15.9949),21P(15.9949),12P(15.9949),21P(15.9949),12P(15.9949),6P(15.9949),12P(15.9949),6P(15.9949),12P(15.9949),6P(15.9949),12P(15.9949),6P(15.9949),12P(15.9949),6P(15.9949),12P(15.9949),6P(15.9949),12P(15.9949),6P(15.9949),12P(15.9949),6P(15.9949),8M(15.9949),12P(15.9949),6P(15.9949),8M(15.9949),12P(15.9949),9P(15.9949),12P(15.9949),9P(15.9949),12P(15.9949),9P(15.9949),12P(15.9949),9P(15.9949),12P(15.9949),9P(15.9949),12P(15.9949),9P(15.9949),13P(15.9949),13P(15.9949),19P(15.9949),13P(15.9949),19P(15.9949),13P(15.9949),19P(15.9949),22K(15.9949),13P(15.9949),19P(15.9949),22K(15.9949),13P(15.9949),21K(15.9949),4P(15.9949),13P(15.9949),7P(15.9949),13P(15.9949),7P(15.9949),13P(15.9949),7P(15.9949),13P(15.9949),7P(15.9949),9K(15.9949),13P(15.9949),7P(15.9949),9K(15.9949),13P(15.9949),7P(15.9949),9K(15.9949),14K(15.9949),3P(15.9949),6P(15.9949),14K(15.9949),3P(15.9949),6P(15.9949),14P(15.9949),14P(15.9949),14P(15.9949),17P(15.9949),14P(15.9949),20P(15.9949),14P(15.9949),21P(15.9949),3K(15.9949),14P(15.9949),21P(15.9949),3K(15.9949),14P(15.9949),24K(15.9949),3P(15.9949),14P(15.9949),24K(15.9949),3P(15.9949),14P(15.9949),24K(15.9949),5P(15.9949),14P(15.9949),24K(15.9949),5P(15.9949),14P(15.9949),2P(15.9949),14P(15.9949),9M(15.9949),15P(15.9949),18K(15.9949),9K(15.9949),15P(15.9949),18P(15.9949),15P(15.9949),18P(15.9949),15P(15.9949),18P(15.9949),6K(15.9949),15P(15.9949),18P(15.9949),6K(15.9949),15P(15.9949),21P(15.9949),24K(15.9949),15P(15.9949),21P(15.9949),24K(15.9949),15P(15.9949),21P(15.9949),24K(15.9949),15P(15.9949),21P(15.9949),24K(15.9949),15P(15.9949),24K(15.9949),15P(15.9949),24K(15.9949),15P(15.9949),24K(15.9949),3P(15.9949),15P(15.9949),24K(15.9949),3P(15.9949),15P(15.9949),26K(15.9949),8P(15.9949),15P(15.9949),26K(15.9949),9P(15.9949),15P(15.9949),26K(15.9949),9P(15.9949),15P(15.9949),27P(15.9949),15P(15.9949),3P(15.9949),15P(15.9949),3P(15.9949),15P(15.9949),3P(15.9949),6K(15.9949),15P(15.9949),6K(15.9949),17P(15.9949),18P(15.9949),17P(15.9949),18P(15.9949),6K(15.9949),17P(15.9949),9P(15.9949),18P(15.9949),18P(15.9949),18P(15.9949),18P(15.9949),18P(15.9949),21P(15.9949),18P(15.9949),21P(15.9949),9K(15.9949),18P(15.9949),21P(15.9949),9K(15.9949),18P(15.9949),26P(15.9949),18P(15.9949),26P(15.9949),18P(15.9949),29P(15.9949),18P(15.9949),30P(15.9949),18P(15.9949),30P(15.9949),9K(15.9949),18P(15.9949),35P(15.9949),18P(15.9949),5P(15.9949),9K(15.9949),18P(15.9949),9K(15.9949),18P(15.9949),9K(15.9949),18P(15.9949),9P(15.9949),19K(15.9949),28P(15.9949),31P(15.9949),19P(15.9949),19P(15.9949),19P(15.9949),22K(15.9949),19P(15.9949),22K(15.9949),20K(15.9949),3P(15.9949),9P(15.9949),20K(15.9949),3P(15.9949),9P(15.9949),20K(15.9949),3P(15.9949),9P(15.9949),20P(15.9949),20P(15.9949),20P(15.9949),20P(15.9949),20P(15.9949),21P(15.9949),3K(15.9949),20P(15.9949),21P(15.9949),3K(15.9949),20P(15.9949),27P(15.9949),30K(15.9949),20P(15.9949),9P(15.9949),20P(15.9949),9P(15.9949),21P(15.9949),21P(15.9949),21P(15.9949),21P(15.9949),24K(15.9949),21P(15.9949),27P(15.9949),30K(15.9949),21P(15.9949),27P(15.9949),30K(15.9949),21P(15.9949),29P(15.9949),21P(15.9949),29P(15.9949),3K(15.9949),21P(15.9949),29P(15.9949),3K(15.9949),21P(15.9949),2P(15.9949),21P(15.9949),2P(15.9949),21P(15.9949),3K(15.9949),8P(15.9949),21P(15.9949),5P(15.9949),9K(15.9949),21P(15.9949),9P(15.9949),21P(15.9949),9P(15.9949),24K(15.9949),3P(15.9949),5P(15.9949),24P(15.9949),27P(15.9949),30K(15.9949),24P(15.9949),2P(15.9949),24P(15.9949),2P(15.9949),24P(15.9949),2P(15.9949),24P(15.9949),2P(15.9949),6K(15.9949),24P(15.9949),2P(15.9949),6K(15.9949),26K(15.9949),26P(15.9949),2P(15.9949),26P(15.9949),39P(15.9949),26P(15.9949),9P(15.9949),26P(15.9949),9P(15.9949),27P(15.9949),30K(15.9949),27P(15.9949),3P(15.9949),6K(15.9949),28P(15.9949),30K(15.9949),29P(15.9949),2P(15.9949),29P(15.9949),3K(15.9949),8P(15.9949),29P(15.9949),6P(15.9949),9K(15.9949),2P(15.9949),2P(15.9949),3K(15.9949),2P(15.9949),3P(15.9949),2P(15.9949),3P(15.9949),2P(15.9949),6P(15.9949),2P(15.9949),8P(15.9949),2P(15.9949),9P(15.9949),30K(15.9949),30K(15.9949),30K(15.9949),6P(15.9949),30K(15.9949),6P(15.9949),7P(15.9949),31P(15.9949),37P(15.9949),40K(15.9949),33P(15.9949),6P(15.9949),33P(15.9949),6P(15.9949),38P(15.9949),3K(15.9949),3K(15.9949),3K(15.9949),41M(15.9949),3K(15.9949),6K(15.9949),3P(15.9949),3P(15.9949),3P(15.9949),3P(15.9949),3P(15.9949),3P(15.9949),3P(15.9949),3P(15.9949),3P(15.9949),3P(15.9949),5P(15.9949),3P(15.9949),6P(15.9949),3P(15.9949),6P(15.9949),3P(15.9949),8P(15.9949),3P(15.9949),9P(15.9949),3P(15.9949),9P(15.9949),3P(15.9949),9P(15.9949),3P(15.9949),9P(15.9949),3P(15.9949),9P(15.9949),3P(15.9949),9P(15.9949),3P(15.9949),9P(15.9949),3P(15.9949),9P(15.9949),3P(15.9949),9P(15.9949),3P(15.9949),9P(15.9949),4M(15.9949),4M(15.9949),4P(15.9949),4P(15.9949),4P(15.9949),6P(15.9949),6P(15.9949),6P(15.9949),6P(15.9949),6P(15.9949),6P(15.9949),6P(15.9949),6P(15.9949),6P(15.9949),9M(15.9949),7P(15.9949),7P(15.9949),7P(15.9949),9M(15.9949),9M(15.9949),9P(15.9949),9P(15.9949),9P(15.9949),9P(15.9949),9P(15.9949),9P(15.9949),9P(15.9949),9P(15.9949),9P(15.9949),9P(15.9949)	NA	NA
tr|A0A8V0X997|A0A8V0X997_CHICK	A0A8V0X997	A0A8V0X997_CHICK	NA	456	FALSE	FALSE	Gallus gallus	Hemopexin	1:Experimental evidence at protein level	4.39	1	0.999	0	1	1	1	1	1	1	1035218.8	1035218.8	1035218.8	7C(57.0215),7C(57.0215)	NA	NA
tr|A0A8V0XCV1|A0A8V0XCV1_CHICK	A0A8V0XCV1	A0A8V0XCV1_CHICK	PRDX4	281	FALSE	FALSE	Gallus gallus	thioredoxin-dependent peroxiredoxin	1:Experimental evidence at protein level	3.91	1	0.999	0	1	0	0	1	0	0	1584856.4	0	0	NA	NA	NA
tr|A0A8V0XEL0|A0A8V0XEL0_CHICK	A0A8V0XEL0	A0A8V0XEL0_CHICK	PIT54	508	FALSE	FALSE	Gallus gallus	Soluble scavenger receptor cysteine-rich domain-containing protein SSC5D	1:Experimental evidence at protein level	12.99	1	0.999	0	4	4	4	4	4	4	5222651.5	5222651.5	5222651.5	10C(57.0215),13C(57.0215),13C(57.0215),4C(57.0215)	NA	NA
tr|A0A8V0XGL8|A0A8V0XGL8_CHICK	A0A8V0XGL8	A0A8V0XGL8_CHICK	VIM	451	FALSE	FALSE	Gallus gallus	Vimentin	1:Experimental evidence at protein level	32.82	1	0.999	0	13	0	13	14	0	14	17213800	0	17213800	7C(57.0215)	NA	NA
tr|A0A8V0XHB9|A0A8V0XHB9_CHICK	A0A8V0XHB9	A0A8V0XHB9_CHICK	NA	565	FALSE	FALSE	Gallus gallus	Ig-like domain-containing protein	1:Experimental evidence at protein level	12.57	1	0.999	0	4	0	4	5	0	5	18567828	0	18567828	3C(57.0215),3C(57.0215),4C(57.0215)	NA	tr|A0A8V0XLK0|A0A8V0XLK0_CHICK
tr|A0A8V0XIX0|A0A8V0XIX0_CHICK	A0A8V0XIX0	A0A8V0XIX0_CHICK	COL1A2	1294	FALSE	FALSE	Gallus gallus	Collagen type I alpha 2 chain	4:Protein predicted	70.09	1	0.9888	0.00261096605744	79	1	1	388	1	1	34128949200	0	0	21P(15.9949),27P(15.9949)	NA	NA
tr|A0A8V0XJ14|A0A8V0XJ14_CHICK	A0A8V0XJ14	A0A8V0XJ14_CHICK	ALB	615	FALSE	FALSE	Gallus gallus	Albumin	1:Experimental evidence at protein level	32.03	1	0.999	0	13	0	13	14	0	14	19457642	0	19457642	10C(57.0215),1C(57.0215),23C(57.0215),10C(57.0215),2C(57.0215),3C(57.0215),16C(57.0215),3C(57.0215),3C(57.0215),7C(57.0215),7C(57.0215)	NA	NA
tr|A0A8V0XK94|A0A8V0XK94_CHICK	A0A8V0XK94	A0A8V0XK94_CHICK	COL1A2	1237	FALSE	FALSE	Gallus gallus	Collagen type I alpha 2 chain	4:Protein predicted	66.86	1	0.999	0	70	1	12	348	2	40	34128949200	5362142	12693863400	10P(15.9949),10P(15.9949),16P(15.9949),19K(15.9949),10P(15.9949),16P(15.9949),19K(15.9949),10P(15.9949),19K(15.9949),4P(15.9949),10P(15.9949),4P(15.9949),11P(15.9949),24P(15.9949),12P(15.9949),12P(15.9949),12P(15.9949),12P(15.9949),20P(15.9949),12P(15.9949),21P(15.9949),14P(15.9949),3P(15.9949),14P(15.9949),3P(15.9949),15P(15.9949),17P(15.9949),15P(15.9949),24P(15.9949),15P(15.9949),26K(15.9949),3P(15.9949),15P(15.9949),26K(15.9949),3P(15.9949),15P(15.9949),27P(15.9949),15P(15.9949),3P(15.9949),15P(15.9949),9P(15.9949),15P(15.9949),9P(15.9949),16P(15.9949),19K(15.9949),4P(15.9949),21P(15.9949),3P(15.9949),21P(15.9949),3P(15.9949),21P(15.9949),3P(15.9949),24P(15.9949),30P(15.9949),25P(15.9949),37P(15.9949),4P(15.9949),4P(15.9949),7K(15.9949),4P(15.9949),7K(15.9949)	NA	NA
tr|A0A8V0XLB9|A0A8V0XLB9_CHICK	A0A8V0XLB9	A0A8V0XLB9_CHICK	SOD2	223	FALSE	FALSE	Gallus gallus	Superoxide dismutase	1:Experimental evidence at protein level	6.28	1	0.999	0	1	1	1	1	1	1	0	0	0	NA	NA	NA
tr|A0A8V0XPN5|A0A8V0XPN5_CHICK	A0A8V0XPN5	A0A8V0XPN5_CHICK	RPS23	202	FALSE	FALSE	Gallus gallus	Small ribosomal subunit protein uS12	1:Experimental evidence at protein level	13.37	1	0.999	0	1	0	1	1	0	1	0	0	0	10C(57.0215)	NA	tr|A0A8V0XX90|A0A8V0XX90_CHICK
tr|A0A8V0XU74|A0A8V0XU74_CHICK	A0A8V0XU74	A0A8V0XU74_CHICK	CCSER1	763	FALSE	FALSE	Gallus gallus	Coiled-coil serine rich protein 1	3:Protein inferred from homology	1.31	1	0.9726	0.00808368996671	1	1	1	1	1	1	3823650.8	3823650.8	3823650.8	10K(15.9949),5P(15.9949),6K(15.9949)	NA	NA
tr|A0A8V0XWE7|A0A8V0XWE7_CHICK	A0A8V0XWE7	A0A8V0XWE7_CHICK	TUBAL3	444	FALSE	FALSE	Gallus gallus	Tubulin alpha chain	1:Experimental evidence at protein level	4.5	1	0.999	0	1	0	0	1	0	0	1522387.4	0	0	NA	NA	tr|F1P5B0|F1P5B0_CHICK
tr|A0A8V0XXX0|A0A8V0XXX0_CHICK	A0A8V0XXX0	A0A8V0XXX0_CHICK	RPS3A	294	FALSE	FALSE	Gallus gallus	Small ribosomal subunit protein eS1	1:Experimental evidence at protein level	5.78	1	0.999	0	1	1	1	1	1	1	317933.88	317933.88	317933.88	NA	NA	NA
tr|A0A8V0Y2H5|A0A8V0Y2H5_CHICK	A0A8V0Y2H5	A0A8V0Y2H5_CHICK	LGALS1A	135	FALSE	FALSE	Gallus gallus	Galectin	1:Experimental evidence at protein level	5.93	1	0.993	0.00109829763866	1	0	0	1	0	0	2290846	0	0	NA	NA	NA
tr|A0A8V0Y526|A0A8V0Y526_CHICK	A0A8V0Y526	A0A8V0Y526_CHICK	LOC101749377	568	FALSE	FALSE	Gallus gallus	Heterogeneous nuclear ribonucleoprotein L	1:Experimental evidence at protein level	5.63	1	0.999	0	1	1	1	1	1	1	0	0	0	14P(15.9949),26C(57.0215),4P(15.9949)	NA	NA
tr|A0A8V0Y5A6|A0A8V0Y5A6_CHICK	A0A8V0Y5A6	A0A8V0Y5A6_CHICK	ACTN4	904	FALSE	FALSE	Gallus gallus	Actinin, alpha 4	1:Experimental evidence at protein level	1	1	0.999	0	1	0	1	1	0	1	82421.3	0	82421.3	7C(57.0215)	NA	NA
tr|A0A8V0Y726|A0A8V0Y726_CHICK	A0A8V0Y726	A0A8V0Y726_CHICK	TXNDC5	414	FALSE	FALSE	Gallus gallus	Thioredoxin domain-containing protein 5	1:Experimental evidence at protein level	2.17	1	0.999	0	1	1	1	1	1	1	842507.56	842507.56	842507.56	NA	NA	NA
tr|A0A8V0YB02|A0A8V0YB02_CHICK	A0A8V0YB02	A0A8V0YB02_CHICK	LGALS1A	135	FALSE	FALSE	Gallus gallus	Galectin	1:Experimental evidence at protein level	5.93	1	0.999	0	1	0	0	1	0	0	2290846	0	0	NA	NA	NA
tr|A0A8V0YB91|A0A8V0YB91_CHICK	A0A8V0YB91	A0A8V0YB91_CHICK	TPM2	284	FALSE	FALSE	Gallus gallus	Tropomyosin 2	1:Experimental evidence at protein level	7.04	1	0.9908	0.00161899622234	2	0	0	2	0	0	2912061	0	0	NA	NA	NA
tr|A0A8V0YDK0|A0A8V0YDK0_CHICK	A0A8V0YDK0	A0A8V0YDK0_CHICK	CAST	771	FALSE	FALSE	Gallus gallus	Calpastatin	1:Experimental evidence at protein level	2.72	1	0.999	0	1	0	1	1	0	1	913933.2	0	913933.2	NA	NA	NA
tr|A0A8V0YFX2|A0A8V0YFX2_CHICK	A0A8V0YFX2	A0A8V0YFX2_CHICK	TPM2	248	FALSE	FALSE	Gallus gallus	Tropomyosin 2	1:Experimental evidence at protein level	8.06	1	0.9989	0	2	0	0	2	0	0	2912061	0	0	NA	NA	NA
tr|A0A8V0YI39|A0A8V0YI39_CHICK	A0A8V0YI39	A0A8V0YI39_CHICK	SPINK5	517	FALSE	FALSE	Gallus gallus	Serine peptidase inhibitor, Kazal type 5	1:Experimental evidence at protein level	7.35	1	0.999	0	2	0	1	2	0	1	642668.56	0	642668.56	6C(57.0215)	NA	tr|A0A8V0YW85|A0A8V0YW85_CHICK
tr|A0A8V0YIB0|A0A8V0YIB0_CHICK	A0A8V0YIB0	A0A8V0YIB0_CHICK	NA	272	FALSE	FALSE	Gallus gallus	VWFC domain-containing protein	1:Experimental evidence at protein level	7.35	1	0.999	0	1	1	1	2	2	2	11201230	11201230	11201230	11P(15.9949),11P(15.9949)	NA	NA
tr|A0A8V0YIC4|A0A8V0YIC4_CHICK	A0A8V0YIC4	A0A8V0YIC4_CHICK	COL5A2	1058	FALSE	FALSE	Gallus gallus	Collagen type V alpha 2 chain	1:Experimental evidence at protein level	10.49	1	0.9989	0	6	6	6	14	14	14	2462589440	2462589440	2462589440	12K(15.9949),27P(15.9949),33P(15.9949),12P(15.9949),6P(15.9949),13P(15.9949),13P(15.9949),7P(15.9949),15P(15.9949),21P(15.9949),15P(15.9949),21P(15.9949),26P(15.9949),33P(15.9949),27P(15.9949),2M(15.9949),33P(15.9949),3P(15.9949),4P(15.9949),3P(15.9949),9P(15.9949)	NA	NA
tr|A0A8V0YIZ7|A0A8V0YIZ7_CHICK	A0A8V0YIZ7	A0A8V0YIZ7_CHICK	COL3A1	1340	FALSE	FALSE	Gallus gallus	Collagen type III alpha 1 chain	1:Experimental evidence at protein level	26.12	1	0.9985	0	25	1	1	43	1	1	7196486700	841544.9	841544.9	15P(15.9949),5P(15.9949)	NA	NA
tr|A0A8V0YJV4|A0A8V0YJV4_CHICK	A0A8V0YJV4	A0A8V0YJV4_CHICK	AKR1B1	442	FALSE	FALSE	Gallus gallus	aldose reductase	1:Experimental evidence at protein level	2.26	1	0.999	0	1	0	1	1	0	1	878505.6	0	878505.6	NA	NA	NA
tr|A0A8V0YMY3|A0A8V0YMY3_CHICK	A0A8V0YMY3	A0A8V0YMY3_CHICK	COL4A1	1592	FALSE	FALSE	Gallus gallus	Collagen type IV alpha 1 chain	1:Experimental evidence at protein level	0.5	1	0.9935	0.00109829763866	1	0	1	1	0	1	288370560	0	288370560	NA	NA	NA
tr|A0A8V0YP03|A0A8V0YP03_CHICK	A0A8V0YP03	A0A8V0YP03_CHICK	TGFBI	677	FALSE	FALSE	Gallus gallus	Transforming growth factor-beta-induced protein ig-h3	1:Experimental evidence at protein level	3.69	1	0.999	0	2	0	2	2	0	2	4836595.5	0	4836595.5	NA	NA	NA
tr|A0A8V0YPP2|A0A8V0YPP2_CHICK	A0A8V0YPP2	A0A8V0YPP2_CHICK	GPX3	228	FALSE	FALSE	Gallus gallus	Glutathione peroxidase	1:Experimental evidence at protein level	16.23	1	0.9986	0	3	0	3	3	0	3	1785245.4	0	1785245.4	NA	NA	tr|A0A8V0YPR6|A0A8V0YPR6_CHICK, tr|A0A8V0YY35|A0A8V0YY35_CHICK
tr|A0A8V0YQR8|A0A8V0YQR8_CHICK	A0A8V0YQR8	A0A8V0YQR8_CHICK	COL3A1	1433	FALSE	FALSE	Gallus gallus	Collagen type III alpha 1 chain	1:Experimental evidence at protein level	24.08	1	0.999	0	24	0	9	42	0	15	6616951800	0	184629376	11P(15.9949),3P(15.9949),9K(15.9949),12P(15.9949),15P(15.9949),12P(15.9949),6P(15.9949),15P(15.9949),6P(15.9949),17K(15.9949),6P(15.9949),9P(15.9949),17K(15.9949),6P(15.9949),9P(15.9949),3P(15.9949),3P(15.9949),6P(15.9949),3P(15.9949),6P(15.9949),9K(15.9949),3P(15.9949),6P(15.9949),9K(15.9949),6P(15.9949),6P(15.9949),6P(15.9949),9P(15.9949),8P(15.9949),9P(15.9949),8P(15.9949),9P(15.9949)	NA	NA
tr|A0A8V0Z7R9|A0A8V0Z7R9_CHICK	A0A8V0Z7R9	A0A8V0Z7R9_CHICK	ENO1	445	FALSE	FALSE	Gallus gallus	phosphopyruvate hydratase	1:Experimental evidence at protein level	7.64	1	0.999	0	2	0	1	2	0	1	6730116.5	0	1472996.1	NA	NA	NA
tr|A0A8V0Z8E9|A0A8V0Z8E9_CHICK	A0A8V0Z8E9	A0A8V0Z8E9_CHICK	HSPA2	623	FALSE	FALSE	Gallus gallus	Heat shock protein family A (Hsp70) member 2	1:Experimental evidence at protein level	4.33	1	0.999	0	1	0	1	1	0	1	0	0	0	NA	NA	NA
tr|A0A8V0Z8S8|A0A8V0Z8S8_CHICK	A0A8V0Z8S8	A0A8V0Z8S8_CHICK	RRBP1	997	FALSE	FALSE	Gallus gallus	Ribosome binding protein 1	1:Experimental evidence at protein level	1.91	1	0.999	0	2	0	2	2	0	2	1281799.8	0	1281799.8	NA	NA	NA
tr|A0A8V0ZI10|A0A8V0ZI10_CHICK	A0A8V0ZI10	A0A8V0ZI10_CHICK	ACTG1L	297	FALSE	FALSE	Gallus gallus	Actin gamma 1 like	1:Experimental evidence at protein level	23.91	1	0.9955	0.00109829763866	4	0	0	7	0	0	14787143	0	0	NA	NA	NA
tr|A0A8V0ZIH7|A0A8V0ZIH7_CHICK	A0A8V0ZIH7	A0A8V0ZIH7_CHICK	HNRNPA1	337	FALSE	FALSE	Gallus gallus	Heteroous nuclear ribonucleoprotein A1	1:Experimental evidence at protein level	4.75	1	0.999	0	1	0	1	1	0	1	1004933.44	0	1004933.44	12C(57.0215),12C(57.0215)	NA	tr|A0A8V0ZQM4|A0A8V0ZQM4_CHICK, tr|A0A8V0ZRC6|A0A8V0ZRC6_CHICK
tr|A0A8V0ZIK3|A0A8V0ZIK3_CHICK	A0A8V0ZIK3	A0A8V0ZIK3_CHICK	WIPF1	494	FALSE	FALSE	Gallus gallus	WAS/WASL interacting protein family member 1	1:Experimental evidence at protein level	1.62	1	0.9926	0.00109829763866	1	0	1	1	0	1	0	0	0	2P(15.9949),6P(15.9949)	NA	tr|A0A8V0ZNX2|A0A8V0ZNX2_CHICK
tr|A0A8V0ZIT5|A0A8V0ZIT5_CHICK	A0A8V0ZIT5	A0A8V0ZIT5_CHICK	AHNAK2	6687	FALSE	FALSE	Gallus gallus	AHNAK nucleoprotein 2	1:Experimental evidence at protein level	2.51	1	0.999	0	1	1	1	1	1	1	1287899.6	1287899.6	1287899.6	NA	NA	NA
tr|A0A8V0ZJH0|A0A8V0ZJH0_CHICK	A0A8V0ZJH0	A0A8V0ZJH0_CHICK	MFAP5	183	FALSE	FALSE	Gallus gallus	Microfibril associated protein 5	1:Experimental evidence at protein level	6.56	1	0.9988	0	1	0	1	1	0	1	837054.44	0	837054.44	2C(57.0215),7C(57.0215)	NA	tr|A0A8V0ZJJ2|A0A8V0ZJJ2_CHICK, tr|A0A8V0ZRQ7|A0A8V0ZRQ7_CHICK, tr|A0A8V0ZRR7|A0A8V0ZRR7_CHICK, tr|A0A8V0ZSK3|A0A8V0ZSK3_CHICK, tr|A0A8V0ZSK8|A0A8V0ZSK8_CHICK, tr|A0A8V0ZX90|A0A8V0ZX90_CHICK
tr|A0A8V0ZK24|A0A8V0ZK24_CHICK	A0A8V0ZK24	A0A8V0ZK24_CHICK	KRT13	465	FALSE	FALSE	Gallus gallus	Keratin 13	1:Experimental evidence at protein level	1.51	1	0.9978	0	1	0	0	1	0	0	3171236.5	0	0	NA	NA	tr|A0A8V0ZSB0|A0A8V0ZSB0_CHICK
tr|A0A8V0ZQ95|A0A8V0ZQ95_CHICK	A0A8V0ZQ95	A0A8V0ZQ95_CHICK	TUBA4AL	458	FALSE	FALSE	Gallus gallus	Tubulin alpha chain	1:Experimental evidence at protein level	4.37	1	0.999	0	1	0	0	1	0	0	1522387.4	0	0	NA	NA	NA
tr|A0A8V0ZQC1|A0A8V0ZQC1_CHICK	A0A8V0ZQC1	A0A8V0ZQC1_CHICK	KRT8	476	FALSE	FALSE	Gallus gallus	Keratin, type II cytoskeletal 8	1:Experimental evidence at protein level	2.52	1	0.9799	0.00540806293019	1	0	0	1	0	0	2370806.2	0	0	NA	NA	tr|A0A8V0ZVJ8|A0A8V0ZVJ8_CHICK, tr|A0A8V0ZZA1|A0A8V0ZZA1_CHICK, tr|A0A8V1A2Z8|A0A8V1A2Z8_CHICK
tr|A0A8V0ZSC8|A0A8V0ZSC8_CHICK	A0A8V0ZSC8	A0A8V0ZSC8_CHICK	NUCB2	424	FALSE	FALSE	Gallus gallus	Nucleobindin 2	1:Experimental evidence at protein level	8.73	1	0.999	0	3	0	3	3	0	3	4183434.8	0	4183434.8	NA	NA	tr|A0A8V0ZSE1|A0A8V0ZSE1_CHICK, tr|A0A8V0ZUD1|A0A8V0ZUD1_CHICK, tr|F1NGB1|F1NGB1_CHICK
tr|A0A8V0ZUP2|A0A8V0ZUP2_CHICK	A0A8V0ZUP2	A0A8V0ZUP2_CHICK	COL11A1	1735	FALSE	FALSE	Gallus gallus	Collagen type XI alpha 1 chain	4:Protein predicted	4.9	1	0.999	0	5	0	5	6	0	6	34989164	0	34989164	12P(15.9949),6P(15.9949),13P(15.9949),6P(15.9949),9P(15.9949),7K(15.9949),7K(15.9949)	NA	NA
tr|A0A8V0ZWS1|A0A8V0ZWS1_CHICK	A0A8V0ZWS1	A0A8V0ZWS1_CHICK	COL1A1	1375	FALSE	FALSE	Gallus gallus	Collagen type I alpha 1 chain	4:Protein predicted	73.24	1	0.99	0.00214018191546	91	1	1	485	1	1	51989119000	0	0	12K(15.9949),36P(15.9949),39P(15.9949)	NA	NA
tr|A0A8V0ZYC6|A0A8V0ZYC6_CHICK	A0A8V0ZYC6	A0A8V0ZYC6_CHICK	TPM1	245	FALSE	FALSE	Gallus gallus	Tropomyosin 1	1:Experimental evidence at protein level	12.65	1	0.9941	0.00109829763866	4	0	0	5	0	0	13944298	0	0	NA	NA	NA
tr|A0A8V0ZZF1|A0A8V0ZZF1_CHICK	A0A8V0ZZF1	A0A8V0ZZF1_CHICK	TF	702	FALSE	FALSE	Gallus gallus	Ovotransferrin	1:Experimental evidence at protein level	11.82	1	0.999	0	6	0	0	8	0	0	19651722	0	0	NA	NA	NA
tr|A0A8V0ZZM1|A0A8V0ZZM1_CHICK	A0A8V0ZZM1	A0A8V0ZZM1_CHICK	TUBA1A	757	FALSE	FALSE	Gallus gallus	Tubulin alpha chain-like 3	3:Protein inferred from homology	12.02	1	0.999	0	4	0	4	4	0	4	4334003.5	0	4334003.5	15C(57.0215),5C(57.0215)	NA	NA
tr|A0A8V1A0X8|A0A8V1A0X8_CHICK	A0A8V1A0X8	A0A8V1A0X8_CHICK	FKBP7	255	FALSE	FALSE	Gallus gallus	peptidylprolyl isomerase	1:Experimental evidence at protein level	8.63	1	0.999	0	2	1	2	2	1	2	792092.06	792092.06	792092.06	NA	NA	NA
tr|A0A8V1A202|A0A8V1A202_CHICK	A0A8V1A202	A0A8V1A202_CHICK	COL1A1	1369	FALSE	FALSE	Gallus gallus	Collagen type I alpha 1 chain	4:Protein predicted	72.46	1	0.9989	0	90	1	1	539	4	4	53316399000	10737756	10737756	24P(15.9949),33P(15.9949),36K(15.9949),24P(15.9949),33P(15.9949),36K(15.9949)	NA	NA
tr|A0A8V1A485|A0A8V1A485_CHICK	A0A8V1A485	A0A8V1A485_CHICK	COL1A1	1399	FALSE	FALSE	Gallus gallus	Collagen type I alpha 1 chain	4:Protein predicted	73.7	1	0.999	0	100	3	25	579	11	135	53316399000	566642690	27496544300	10P(15.9949),13P(15.9949),10P(15.9949),13P(15.9949),10P(15.9949),13P(15.9949),10P(15.9949),13P(15.9949),38K(15.9949),10P(15.9949),13P(15.9949),38K(15.9949),10P(15.9949),15P(15.9949),10P(15.9949),35P(15.9949),38K(15.9949),11P(15.9949),24P(15.9949),27K(15.9949),12P(15.9949),12P(15.9949),12P(15.9949),14P(15.9949),18K(15.9949),12P(15.9949),15K(15.9949),12P(15.9949),15P(15.9949),24M(15.9949),12P(15.9949),18K(15.9949),9K(15.9949),12P(15.9949),18K(15.9949),9K(15.9949),12P(15.9949),19P(15.9949),12P(15.9949),21P(15.9949),9K(15.9949),12P(15.9949),30P(15.9949),9K(15.9949),12P(15.9949),38K(15.9949),9P(15.9949),12P(15.9949),5P(15.9949),9K(15.9949),12P(15.9949),8P(15.9949),12P(15.9949),9K(15.9949),12P(15.9949),9K(15.9949),12P(15.9949),9K(15.9949),13P(15.9949),13P(15.9949),13P(15.9949),13P(15.9949),16M(15.9949),19P(15.9949),13P(15.9949),19P(15.9949),13P(15.9949),21K(15.9949),3P(15.9949),13P(15.9949),21K(15.9949),3P(15.9949),13P(15.9949),21K(15.9949),3P(15.9949),13P(15.9949),21K(15.9949),4P(15.9949),13P(15.9949),38K(15.9949),9P(15.9949),13P(15.9949),3P(15.9949),13P(15.9949),7P(15.9949),14P(15.9949),18K(15.9949),9K(15.9949),14P(15.9949),18K(15.9949),9K(15.9949),14P(15.9949),20M(15.9949),6P(15.9949),14P(15.9949),21P(15.9949),15K(15.9949),24P(15.9949),15P(15.9949),16M(15.9949),25P(15.9949),15P(15.9949),19P(15.9949),15P(15.9949),20M(15.9949),6P(15.9949),15P(15.9949),20M(15.9949),9P(15.9949),15P(15.9949),20M(15.9949),9P(15.9949),15P(15.9949),21K(15.9949),4P(15.9949),15P(15.9949),21P(15.9949),9K(15.9949),15P(15.9949),21P(15.9949),9K(15.9949),15P(15.9949),24M(15.9949),15P(15.9949),24P(15.9949),27K(15.9949),15P(15.9949),24P(15.9949),27K(15.9949),15P(15.9949),24P(15.9949),36K(15.9949),15P(15.9949),27K(15.9949),6P(15.9949),15P(15.9949),27K(15.9949),6P(15.9949),15P(15.9949),9P(15.9949),16M(15.9949),19P(15.9949),25P(15.9949),16M(15.9949),19P(15.9949),25P(15.9949),16M(15.9949),19P(15.9949),7P(15.9949),16M(15.9949),19P(15.9949),7P(15.9949),16M(15.9949),24P(15.9949),7P(15.9949),16M(15.9949),24P(15.9949),7P(15.9949),16P(15.9949),21K(15.9949),3P(15.9949),17P(15.9949),24P(15.9949),27K(15.9949),17P(15.9949),24P(15.9949),27K(15.9949),18K(15.9949),30P(15.9949),9K(15.9949),18K(15.9949),30P(15.9949),9K(15.9949),18K(15.9949),3P(15.9949),9P(15.9949),18K(15.9949),3P(15.9949),9P(15.9949),18K(15.9949),9K(15.9949),18K(15.9949),9K(15.9949),18K(15.9949),9P(15.9949),18K(15.9949),9P(15.9949),18P(15.9949),21P(15.9949),8K(15.9949),19P(15.9949),19P(15.9949),25P(15.9949),20P(15.9949),26K(15.9949),39P(15.9949),21P(15.9949),21P(15.9949),24M(15.9949),8P(15.9949),21P(15.9949),24P(15.9949),21P(15.9949),24P(15.9949),21P(15.9949),24P(15.9949),27K(15.9949),21P(15.9949),24P(15.9949),27K(15.9949),21P(15.9949),26K(15.9949),39P(15.9949),21P(15.9949),30P(15.9949),9K(15.9949),21P(15.9949),3P(15.9949),9K(15.9949),21P(15.9949),8P(15.9949),24P(15.9949),27K(15.9949),24P(15.9949),27K(15.9949),24P(15.9949),27K(15.9949),24P(15.9949),30P(15.9949),24P(15.9949),30P(15.9949),9K(15.9949),24P(15.9949),33P(15.9949),9K(15.9949),24P(15.9949),33P(15.9949),9K(15.9949),25P(15.9949),25P(15.9949),3P(15.9949),26K(15.9949),39P(15.9949),9P(15.9949),26P(15.9949),33P(15.9949),36K(15.9949),27K(15.9949),36P(15.9949),42P(15.9949),27P(15.9949),39P(15.9949),30P(15.9949),9K(15.9949),33P(15.9949),36K(15.9949),33P(15.9949),36K(15.9949),33P(15.9949),39P(15.9949),39P(15.9949),39P(15.9949),45P(15.9949),3P(15.9949),3P(15.9949),3P(15.9949),6P(15.9949),9K(15.9949),9K(15.9949)	NA	NA
tr|A0A8V1A4B1|A0A8V1A4B1_CHICK	A0A8V1A4B1	A0A8V1A4B1_CHICK	COL1A1	1342	FALSE	FALSE	Gallus gallus	Collagen type I alpha 1 chain	4:Protein predicted	71.68	1	0.9965	6.2853551226e-4	87	0	0	527	0	0	53316399000	0	0	NA	NA	NA
tr|A0A8V1A5Y2|A0A8V1A5Y2_CHICK	A0A8V1A5Y2	A0A8V1A5Y2_CHICK	HSPA8	705	FALSE	FALSE	Gallus gallus	Heat shock protein family A (Hsp70) member 8	1:Experimental evidence at protein level	3.83	1	0.999	0	1	0	0	1	0	0	0	0	0	NA	NA	NA
tr|A0A8V1A685|A0A8V1A685_CHICK	A0A8V1A685	A0A8V1A685_CHICK	YWHAH	240	FALSE	FALSE	Gallus gallus	Tyrosine 3-monooxygenase/tryptophan 5-monooxygenase activation protein eta	1:Experimental evidence at protein level	4.17	1	0.9989	0	1	0	0	1	0	0	516749.4	0	0	NA	NA	NA
tr|A0A8V1A935|A0A8V1A935_CHICK	A0A8V1A935	A0A8V1A935_CHICK	TPM3	284	FALSE	FALSE	Gallus gallus	Tropomyosin 3	1:Experimental evidence at protein level	10.92	1	0.998	0	4	0	0	5	0	0	13944298	0	0	NA	NA	NA
tr|A0A8V1AGI2|A0A8V1AGI2_CHICK	A0A8V1AGI2	A0A8V1AGI2_CHICK	TPM3	296	FALSE	FALSE	Gallus gallus	Tropomyosin 3	1:Experimental evidence at protein level	10.47	1	0.999	0	4	0	4	5	0	5	13944298	0	13944298	NA	NA	NA
tr|A0A8V1AH71|A0A8V1AH71_CHICK	A0A8V1AH71	A0A8V1AH71_CHICK	ORM1	265	FALSE	FALSE	Gallus gallus	Orosomucoid 1 (ovoglycoprotein)	1:Experimental evidence at protein level	10.19	1	0.999	0	2	0	2	2	0	2	5267313	0	5267313	NA	NA	tr|Q8JIG5|Q8JIG5_CHICK
tr|A0A8V1AIH7|A0A8V1AIH7_CHICK	A0A8V1AIH7	A0A8V1AIH7_CHICK	TPM4	258	FALSE	FALSE	Gallus gallus	Tropomyosin 4	1:Experimental evidence at protein level	7.75	1	0.9979	0	2	0	1	2	0	1	2912061	0	1939294	NA	NA	NA
tr|A0A8V1AIZ2|A0A8V1AIZ2_CHICK	A0A8V1AIZ2	A0A8V1AIZ2_CHICK	CILP2	1231	FALSE	FALSE	Gallus gallus	Cartilage intermediate layer protein 2	4:Protein predicted	7.47	1	0.999	0	6	6	6	6	6	6	7470009.5	7470009.5	7470009.5	12C(57.0215),17C(57.0215)	NA	NA
tr|A0A8V1AK00|A0A8V1AK00_CHICK	A0A8V1AK00	A0A8V1AK00_CHICK	SERPINF1	448	FALSE	FALSE	Gallus gallus	Serpin family F member 1	1:Experimental evidence at protein level	7.81	1	0.999	0	3	1	3	3	1	3	9295000	3829714	9295000	NA	NA	NA
tr|E1BTT8|E1BTT8_CHICK	E1BTT8	E1BTT8_CHICK	LDHA	332	FALSE	FALSE	Gallus gallus	L-lactate dehydrogenase	1:Experimental evidence at protein level	2.41	1	0.9989	0	1	0	1	1	0	1	2177071.5	0	2177071.5	NA	NA	NA
tr|F1NIX0|F1NIX0_CHICK	F1NIX0	F1NIX0_CHICK	RPL8	257	FALSE	FALSE	Gallus gallus	Large ribosomal subunit protein uL2	1:Experimental evidence at protein level	7.78	1	0.999	0	1	1	1	1	1	1	1257470.6	1257470.6	1257470.6	18C(57.0215)	NA	NA
tr|F1NWX0|F1NWX0_CHICK	F1NWX0	F1NWX0_CHICK	TUBA3E	450	FALSE	FALSE	Gallus gallus	Tubulin alpha chain	3:Protein inferred from homology	9.78	1	0.999	0	2	0	0	2	0	0	3701165.5	0	0	NA	NA	NA
tr|Q5ZLG7|Q5ZLG7_CHICK	Q5ZLG7	Q5ZLG7_CHICK	SLC25A6	298	FALSE	FALSE	Gallus gallus	ADP/ATP translocase	1:Experimental evidence at protein level	9.73	1	0.9988	0	1	0	1	1	0	1	0	0	0	24P(15.9949)	NA	NA
sp|P02605|MLE3_CHICK	P02605	MLE3_CHICK	NA	150	FALSE	FALSE	Gallus gallus	Myosin light chain 3, skeletal muscle isoform	1:Experimental evidence at protein level	23.33	0.9999	0.9983	0	3	0	1	3	0	1	2131535	0	367784.1	N-term(42.0106)	NA	NA
tr|A0A8V0YE41|A0A8V0YE41_CHICK	A0A8V0YE41	A0A8V0YE41_CHICK	AKR1B1	337	FALSE	FALSE	Gallus gallus	aldose reductase	1:Experimental evidence at protein level	2.97	0.9999	0.9984	0	1	0	0	1	0	0	878505.6	0	0	NA	NA	NA
sp|P08267|FRIH_CHICK	P08267	FRIH_CHICK	FTH	180	FALSE	FALSE	Gallus gallus	Ferritin heavy chain	2:Experimental evidence at transcript level	5.56	0.9998	0.9924	0.00109829763866	1	1	1	1	1	1	168830.3	168830.3	168830.3	NA	NA	NA
tr|F1NW43|F1NW43_CHICK	F1NW43	F1NW43_CHICK	PKLR	530	FALSE	FALSE	Gallus gallus	Pyruvate kinase	1:Experimental evidence at protein level	3.02	0.9998	0.999	0	1	0	1	1	0	1	422876.1	0	422876.1	NA	NA	NA
sp|P02607|MYL6_CHICK	P02607	MYL6_CHICK	MYL6	151	FALSE	FALSE	Gallus gallus	Myosin light polypeptide 6	1:Experimental evidence at protein level	8.61	0.9997	0.9989	0	1	0	1	1	0	1	199061.42	0	199061.42	4C(57.0215)	NA	tr|A0A8V1A825|A0A8V1A825_CHICK
tr|A0A8V0YLV9|A0A8V0YLV9_CHICK	A0A8V0YLV9	A0A8V0YLV9_CHICK	PRRC2C	2629	FALSE	FALSE	Gallus gallus	Flavin containing dimethylaniline monoxygenase 4	1:Experimental evidence at protein level	0.38	0.9997	0.9822	0.00501756146513	1	0	1	1	0	1	6793894	0	6793894	NA	NA	tr|A0A8V0YLW5|A0A8V0YLW5_CHICK, tr|A0A8V0YLX1|A0A8V0YLX1_CHICK, tr|A0A8V0YP40|A0A8V0YP40_CHICK
sp|P68139|ACTS_CHICK	P68139	ACTS_CHICK	ACTA1	377	FALSE	FALSE	Gallus gallus	Actin, alpha skeletal muscle	1:Experimental evidence at protein level	14.85	0.9995	0.999	0	3	0	1	4	0	1	7027356.5	0	0	12P(15.9949),1M(15.9949),5M(15.9949)	NA	NA
tr|A0A8V0XVF0|A0A8V0XVF0_CHICK	A0A8V0XVF0	A0A8V0XVF0_CHICK	NA	218	FALSE	FALSE	Gallus gallus	Tubulin/FtsZ 2-layer sandwich domain-containing protein	3:Protein inferred from homology	9.17	0.9987	0.999	0	1	0	0	1	0	0	1522387.4	0	0	NA	NA	NA
sp|E1C065|CEP41_CHICK	E1C065	CEP41_CHICK	CEP41	367	FALSE	FALSE	Gallus gallus	Centrosomal protein of 41 kDa	3:Protein inferred from homology	6.54	0.9966	0.9678	0.00897920604915	1	1	1	1	1	1	0	0	0	NA	NA	NA
tr|A0A8V0XDI6|A0A8V0XDI6_CHICK	A0A8V0XDI6	A0A8V0XDI6_CHICK	YWHAQ	228	FALSE	FALSE	Gallus gallus	Tyrosine 3-monooxygenase/tryptophan 5-monooxygenase activation protein theta	3:Protein inferred from homology	4.39	0.9954	0.9896	0.00214018191546	1	0	0	1	0	0	516749.4	0	0	NA	NA	NA
tr|A0A8V1A3F3|A0A8V1A3F3_CHICK	A0A8V1A3F3	A0A8V1A3F3_CHICK	MAP4	1080	FALSE	FALSE	Gallus gallus	Microtubule-associated protein	1:Experimental evidence at protein level	1.48	0.9952	0.9979	0	1	0	1	1	0	1	1069586.2	0	1069586.2	NA	NA	tr|A0A8V1A8B6|A0A8V1A8B6_CHICK
tr|A0A8V1A8M8|A0A8V1A8M8_CHICK	A0A8V1A8M8	A0A8V1A8M8_CHICK	COL5A1	1876	FALSE	FALSE	Gallus gallus	Collagen type V alpha 1 chain	1:Experimental evidence at protein level	5.86	0.9951	0.9989	0	6	0	6	6	0	6	61462508	0	61462508	10P(15.9949),13P(15.9949),11P(15.9949),13M(15.9949),3P(15.9949),3P(15.9949),4P(15.9949)	NA	tr|A0A8V1AGB2|A0A8V1AGB2_CHICK, tr|A0A8V1AIK7|A0A8V1AIK7_CHICK
tr|A0A8V1AB30|A0A8V1AB30_CHICK	A0A8V1AB30	A0A8V1AB30_CHICK	HSPA8	633	FALSE	FALSE	Gallus gallus	Heat shock protein family A (Hsp70) member 8	1:Experimental evidence at protein level	4.27	0.993	0.9711	0.00808368996671	1	0	0	1	0	0	0	0	0	NA	NA	NA
tr|A0A8V0Z2I4|A0A8V0Z2I4_CHICK	A0A8V0Z2I4	A0A8V0Z2I4_CHICK	CALM1	163	FALSE	FALSE	Gallus gallus	Calmodulin 1 (phosphorylase kinase, delta)	3:Protein inferred from homology	14.72	0.9814	0.9773	0.00631681243926	3	0	0	4	0	0	31782276	0	0	NA	NA	NA
tr|A0A8V0ZG91|A0A8V0ZG91_CHICK	A0A8V0ZG91	A0A8V0ZG91_CHICK	PKLR	550	FALSE	FALSE	Gallus gallus	Pyruvate kinase	1:Experimental evidence at protein level	2.91	0.5132	0.9989	0	1	0	0	1	0	0	422876.1	0	0	NA	NA	tr|A0A8V0ZG96|A0A8V0ZG96_CHICK
